{
"type": "FeatureCollection",
"name": "app_sensor_locations",
"crs": { "type": "name", "properties": { "name": "urn:ogc:def:crs:OGC:1.3:CRS84" } },
"features": [
{ "type": "Feature", "properties": { "location_id": "GAD02_Amstd_29_0", "location_name": "? na Amsterdam ri ?", "network_source": "Gemeente Amsterdam (city loop)", "observed": false }, "geometry": { "type": "Point", "coordinates": [ 4.895047201232654, 52.377189604144611 ] } },
{ "type": "Feature", "properties": { "location_id": "GAD02_Amstd_31_0", "location_name": "Piet Heinkade na Brug over de Oosterdoksdoorgang ri kr Oosterdokskade", "network_source": "Gemeente Amsterdam (city loop)", "observed": true }, "geometry": { "type": "Point", "coordinates": [ 4.901155001238871, 52.379673004146042 ] } },
{ "type": "Feature", "properties": { "location_id": "GAD02_Amstd_31_2", "location_name": "De Ruijterkade na Michiel de Ruijtertunnel ri kr Oosterdokskade", "network_source": "Gemeente Amsterdam (city loop)", "observed": true }, "geometry": { "type": "Point", "coordinates": [ 4.901300001239006, 52.37942890414589 ] } },
{ "type": "Feature", "properties": { "location_id": "GAD02_Amstd_33_0", "location_name": "SpaarndammerTunnel Richting West", "network_source": "Gemeente Amsterdam (city loop)", "observed": true }, "geometry": { "type": "Point", "coordinates": [ 4.877713001216083, 52.392563004153686 ] } },
{ "type": "Feature", "properties": { "location_id": "GAD02_Amstd_33_2", "location_name": "Nieuwe Hemweg na kr Transformatorweg ri Spaarndammertunnel", "network_source": "Gemeente Amsterdam (city loop)", "observed": true }, "geometry": { "type": "Point", "coordinates": [ 4.877349901215723, 52.39263530415375 ] } },
{ "type": "Feature", "properties": { "location_id": "GAD02_Amstd_34_0", "location_name": "? na Amsterdam ri ?", "network_source": "Gemeente Amsterdam (city loop)", "observed": true }, "geometry": { "type": "Point", "coordinates": [ 4.911254901248938, 52.379219104145761 ] } },
{ "type": "Feature", "properties": { "location_id": "GAD02_Amstd_34_2", "location_name": "Nieuwe Leeuwarderweg na kr Johan van Hasseltweg ri IJ-Tunnel", "network_source": "Gemeente Amsterdam (city loop)", "observed": true }, "geometry": { "type": "Point", "coordinates": [ 4.910954001248668, 52.379848504146089 ] } },
{ "type": "Feature", "properties": { "location_id": "GEO0B_R_0_RWSTI358742", "location_name": "010vwq021720", "network_source": "Other city sensor (GEO0B)", "observed": true }, "geometry": { "type": "Point", "coordinates": [ 4.840554001176601, 52.343597004124881 ] } },
{ "type": "Feature", "properties": { "location_id": "GEO0B_R_0_RWSTI359335", "location_name": "010vwt011300", "network_source": "Other city sensor (GEO0B)", "observed": true }, "geometry": { "type": "Point", "coordinates": [ 4.963874001300266, 52.353031004130081 ] } },
{ "type": "Feature", "properties": { "location_id": "GEO0B_R_1_RWSTI358742", "location_name": "010vwd021720", "network_source": "Other city sensor (GEO0B)", "observed": true }, "geometry": { "type": "Point", "coordinates": [ 4.840625001176672, 52.343601004124878 ] } },
{ "type": "Feature", "properties": { "location_id": "GEO0B_R_1_RWSTI358764", "location_name": "010vwb025142", "network_source": "Other city sensor (GEO0B)", "observed": true }, "geometry": { "type": "Point", "coordinates": [ 4.842830001180356, 52.373981004142848 ] } },
{ "type": "Feature", "properties": { "location_id": "GEO0B_R_1_RWSTI359335", "location_name": "010hrr011300", "network_source": "Other city sensor (GEO0B)", "observed": true }, "geometry": { "type": "Point", "coordinates": [ 4.963963001300353, 52.353001004130071 ] } },
{ "type": "Feature", "properties": { "location_id": "GEO0B_R_RWSTI358610", "location_name": "200hrl001650", "network_source": "Other city sensor (GEO0B)", "observed": true }, "geometry": { "type": "Point", "coordinates": [ 4.815910001153983, 52.384441004149039 ] } },
{ "type": "Feature", "properties": { "location_id": "GEO0B_R_RWSTI358750", "location_name": "010vwb022174", "network_source": "Other city sensor (GEO0B)", "observed": true }, "geometry": { "type": "Point", "coordinates": [ 4.841478001177729, 52.347794004127323 ] } },
{ "type": "Feature", "properties": { "location_id": "GEO0B_R_RWSTI358751", "location_name": "010vwc022124", "network_source": "Other city sensor (GEO0B)", "observed": true }, "geometry": { "type": "Point", "coordinates": [ 4.840329001176519, 52.346558004126656 ] } },
{ "type": "Feature", "properties": { "location_id": "GEO0B_R_RWSTI358752", "location_name": "010vwa023141", "network_source": "Other city sensor (GEO0B)", "observed": true }, "geometry": { "type": "Point", "coordinates": [ 4.842710001179344, 52.355721004132057 ] } },
{ "type": "Feature", "properties": { "location_id": "GEO0B_R_RWSTI358753", "location_name": "010vwb023575", "network_source": "Other city sensor (GEO0B)", "observed": true }, "geometry": { "type": "Point", "coordinates": [ 4.842630001179527, 52.361111004135239 ] } },
{ "type": "Feature", "properties": { "location_id": "GEO0B_R_RWSTI358754", "location_name": "010vwd023100", "network_source": "Other city sensor (GEO0B)", "observed": true }, "geometry": { "type": "Point", "coordinates": [ 4.842229001178858, 52.355572004131972 ] } },
{ "type": "Feature", "properties": { "location_id": "GEO0B_R_RWSTI358757", "location_name": "010vwc023562", "network_source": "Other city sensor (GEO0B)", "observed": true }, "geometry": { "type": "Point", "coordinates": [ 4.842300001179149, 52.360149004134634 ] } },
{ "type": "Feature", "properties": { "location_id": "GEO0B_R_RWSTI358762", "location_name": "010vwa024450", "network_source": "Other city sensor (GEO0B)", "observed": true }, "geometry": { "type": "Point", "coordinates": [ 4.84237000117959, 52.367748004139152 ] } },
{ "type": "Feature", "properties": { "location_id": "RWS01_MONIBAS_0090vwx0074ra", "location_name": "0090vwx0074ra", "network_source": "Rijkswaterstaat (national highway)", "observed": true }, "geometry": { "type": "Point", "coordinates": [ 4.990710001325327, 52.315022004107398 ] } },
{ "type": "Feature", "properties": { "location_id": "RWS01_MONIBAS_0090vwx0074rb", "location_name": "0090vwx0074rb", "network_source": "Rijkswaterstaat (national highway)", "observed": true }, "geometry": { "type": "Point", "coordinates": [ 4.990710001325327, 52.315022004107398 ] } },
{ "type": "Feature", "properties": { "location_id": "RWS01_MONIBAS_0090vwx0075ra", "location_name": "0090vwx0075ra", "network_source": "Rijkswaterstaat (national highway)", "observed": true }, "geometry": { "type": "Point", "coordinates": [ 4.988910001323502, 52.314419004107037 ] } },
{ "type": "Feature", "properties": { "location_id": "RWS01_MONIBAS_0090vwx0075rb", "location_name": "0090vwx0075rb", "network_source": "Rijkswaterstaat (national highway)", "observed": true }, "geometry": { "type": "Point", "coordinates": [ 4.988910001323502, 52.314419004107037 ] } },
{ "type": "Feature", "properties": { "location_id": "RWS01_MONIBAS_0090vwx0076ra", "location_name": "0090vwx0076ra", "network_source": "Rijkswaterstaat (national highway)", "observed": true }, "geometry": { "type": "Point", "coordinates": [ 4.986870001321435, 52.313820004106681 ] } },
{ "type": "Feature", "properties": { "location_id": "RWS01_MONIBAS_0090vwx0076rb", "location_name": "0090vwx0076rb", "network_source": "Rijkswaterstaat (national highway)", "observed": true }, "geometry": { "type": "Point", "coordinates": [ 4.986870001321435, 52.313820004106681 ] } },
{ "type": "Feature", "properties": { "location_id": "RWS01_MONIBAS_0090vwx0078ra", "location_name": "0090vwx0078ra", "network_source": "Rijkswaterstaat (national highway)", "observed": true }, "geometry": { "type": "Point", "coordinates": [ 4.984960001319501, 52.313240004106355 ] } },
{ "type": "Feature", "properties": { "location_id": "RWS01_MONIBAS_0090vwx0078rb", "location_name": "0090vwx0078rb", "network_source": "Rijkswaterstaat (national highway)", "observed": true }, "geometry": { "type": "Point", "coordinates": [ 4.984960001319501, 52.313240004106355 ] } },
{ "type": "Feature", "properties": { "location_id": "RWS01_MONIBAS_0090vwx0079ra", "location_name": "0090vwx0079ra", "network_source": "Rijkswaterstaat (national highway)", "observed": true }, "geometry": { "type": "Point", "coordinates": [ 4.983250001317764, 52.312660004106014 ] } },
{ "type": "Feature", "properties": { "location_id": "RWS01_MONIBAS_0090vwx0079rb", "location_name": "0090vwx0079rb", "network_source": "Rijkswaterstaat (national highway)", "observed": true }, "geometry": { "type": "Point", "coordinates": [ 4.983250001317764, 52.312660004106014 ] } },
{ "type": "Feature", "properties": { "location_id": "RWS01_MONIBAS_0090vwx0080ra", "location_name": "0090vwx0080ra", "network_source": "Rijkswaterstaat (national highway)", "observed": true }, "geometry": { "type": "Point", "coordinates": [ 4.981770001316262, 52.312160004105714 ] } },
{ "type": "Feature", "properties": { "location_id": "RWS01_MONIBAS_0090vwx0080rb", "location_name": "0090vwx0080rb", "network_source": "Rijkswaterstaat (national highway)", "observed": true }, "geometry": { "type": "Point", "coordinates": [ 4.981770001316262, 52.312160004105714 ] } },
{ "type": "Feature", "properties": { "location_id": "RWS01_MONIBAS_0090vwx0082ra", "location_name": "0090vwx0082ra", "network_source": "Rijkswaterstaat (national highway)", "observed": true }, "geometry": { "type": "Point", "coordinates": [ 4.980180001314646, 52.311619004105424 ] } },
{ "type": "Feature", "properties": { "location_id": "RWS01_MONIBAS_0090vwx0082rb", "location_name": "0090vwx0082rb", "network_source": "Rijkswaterstaat (national highway)", "observed": true }, "geometry": { "type": "Point", "coordinates": [ 4.980180001314646, 52.311619004105424 ] } },
{ "type": "Feature", "properties": { "location_id": "RWS01_MONIBAS_0090vwx0083ra", "location_name": "0090vwx0083ra", "network_source": "Rijkswaterstaat (national highway)", "observed": true }, "geometry": { "type": "Point", "coordinates": [ 4.978540001312981, 52.3111000041051 ] } },
{ "type": "Feature", "properties": { "location_id": "RWS01_MONIBAS_0090vwx0083rb", "location_name": "0090vwx0083rb", "network_source": "Rijkswaterstaat (national highway)", "observed": true }, "geometry": { "type": "Point", "coordinates": [ 4.978540001312981, 52.3111000041051 ] } },
{ "type": "Feature", "properties": { "location_id": "RWS01_MONIBAS_0090vwx0084ra", "location_name": "0090vwx0084ra", "network_source": "Rijkswaterstaat (national highway)", "observed": true }, "geometry": { "type": "Point", "coordinates": [ 4.97695000131137, 52.310570004104783 ] } },
{ "type": "Feature", "properties": { "location_id": "RWS01_MONIBAS_0090vwx0084rb", "location_name": "0090vwx0084rb", "network_source": "Rijkswaterstaat (national highway)", "observed": true }, "geometry": { "type": "Point", "coordinates": [ 4.97695000131137, 52.310570004104783 ] } },
{ "type": "Feature", "properties": { "location_id": "RWS01_MONIBAS_0090vwx0085ra", "location_name": "0090vwx0085ra", "network_source": "Rijkswaterstaat (national highway)", "observed": true }, "geometry": { "type": "Point", "coordinates": [ 4.975250001309644, 52.310032004104471 ] } },
{ "type": "Feature", "properties": { "location_id": "RWS01_MONIBAS_0090vwx0087ra", "location_name": "0090vwx0087ra", "network_source": "Rijkswaterstaat (national highway)", "observed": true }, "geometry": { "type": "Point", "coordinates": [ 4.97378000130815, 52.309528004104166 ] } },
{ "type": "Feature", "properties": { "location_id": "RWS01_MONIBAS_0090vwx0088ra", "location_name": "0090vwx0088ra", "network_source": "Rijkswaterstaat (national highway)", "observed": true }, "geometry": { "type": "Point", "coordinates": [ 4.972320001306668, 52.309029004103941 ] } },
{ "type": "Feature", "properties": { "location_id": "RWS01_MONIBAS_0090vwx0089ra", "location_name": "0090vwx0089ra", "network_source": "Rijkswaterstaat (national highway)", "observed": true }, "geometry": { "type": "Point", "coordinates": [ 4.970910001305236, 52.308552004103632 ] } },
{ "type": "Feature", "properties": { "location_id": "RWS01_MONIBAS_0090vwx0090ra", "location_name": "0090vwx0090ra", "network_source": "Rijkswaterstaat (national highway)", "observed": true }, "geometry": { "type": "Point", "coordinates": [ 4.96944000130374, 52.30804100410333 ] } },
{ "type": "Feature", "properties": { "location_id": "RWS01_MONIBAS_0090vwx0091ra", "location_name": "0090vwx0091ra", "network_source": "Rijkswaterstaat (national highway)", "observed": true }, "geometry": { "type": "Point", "coordinates": [ 4.968160001302442, 52.307598004103077 ] } },
{ "type": "Feature", "properties": { "location_id": "RWS01_MONIBAS_0090vwx0092ra", "location_name": "0090vwx0092ra", "network_source": "Rijkswaterstaat (national highway)", "observed": true }, "geometry": { "type": "Point", "coordinates": [ 4.966890001301152, 52.307171004102791 ] } },
{ "type": "Feature", "properties": { "location_id": "RWS01_MONIBAS_0090vwx0093ra", "location_name": "0090vwx0093ra", "network_source": "Rijkswaterstaat (national highway)", "observed": true }, "geometry": { "type": "Point", "coordinates": [ 4.965390001299625, 52.306622004102458 ] } },
{ "type": "Feature", "properties": { "location_id": "RWS01_MONIBAS_0090vwx0095ra", "location_name": "0090vwx0095ra", "network_source": "Rijkswaterstaat (national highway)", "observed": true }, "geometry": { "type": "Point", "coordinates": [ 4.963740001297949, 52.306019004102168 ] } },
{ "type": "Feature", "properties": { "location_id": "RWS01_MONIBAS_0090vwx0095rb", "location_name": "0090vwx0095rb", "network_source": "Rijkswaterstaat (national highway)", "observed": true }, "geometry": { "type": "Point", "coordinates": [ 4.963740001297949, 52.306019004102168 ] } },
{ "type": "Feature", "properties": { "location_id": "RWS01_MONIBAS_0090vwx0096ra", "location_name": "0090vwx0096ra", "network_source": "Rijkswaterstaat (national highway)", "observed": true }, "geometry": { "type": "Point", "coordinates": [ 4.962470001296658, 52.30558000410192 ] } },
{ "type": "Feature", "properties": { "location_id": "RWS01_MONIBAS_0090vwx0096rb", "location_name": "0090vwx0096rb", "network_source": "Rijkswaterstaat (national highway)", "observed": true }, "geometry": { "type": "Point", "coordinates": [ 4.962470001296658, 52.30558000410192 ] } },
{ "type": "Feature", "properties": { "location_id": "RWS01_MONIBAS_0090vwx0097ra", "location_name": "0090vwx0097ra", "network_source": "Rijkswaterstaat (national highway)", "observed": true }, "geometry": { "type": "Point", "coordinates": [ 4.961220001295386, 52.305099004101606 ] } },
{ "type": "Feature", "properties": { "location_id": "RWS01_MONIBAS_0090vwx0097rb", "location_name": "0090vwx0097rb", "network_source": "Rijkswaterstaat (national highway)", "observed": true }, "geometry": { "type": "Point", "coordinates": [ 4.961220001295386, 52.305099004101606 ] } },
{ "type": "Feature", "properties": { "location_id": "RWS01_MONIBAS_0090vwx0098ra", "location_name": "0090vwx0098ra", "network_source": "Rijkswaterstaat (national highway)", "observed": true }, "geometry": { "type": "Point", "coordinates": [ 4.959890001294032, 52.304550004101273 ] } },
{ "type": "Feature", "properties": { "location_id": "RWS01_MONIBAS_0090vwx0098rb", "location_name": "0090vwx0098rb", "network_source": "Rijkswaterstaat (national highway)", "observed": true }, "geometry": { "type": "Point", "coordinates": [ 4.959890001294032, 52.304550004101273 ] } },
{ "type": "Feature", "properties": { "location_id": "RWS01_MONIBAS_0090vwx0099ra", "location_name": "0090vwx0099ra", "network_source": "Rijkswaterstaat (national highway)", "observed": true }, "geometry": { "type": "Point", "coordinates": [ 4.958460001292571, 52.303928004100946 ] } },
{ "type": "Feature", "properties": { "location_id": "RWS01_MONIBAS_0090vwx0099rb", "location_name": "0090vwx0099rb", "network_source": "Rijkswaterstaat (national highway)", "observed": true }, "geometry": { "type": "Point", "coordinates": [ 4.958460001292571, 52.303928004100946 ] } },
{ "type": "Feature", "properties": { "location_id": "RWS01_MONIBAS_0090vwx0101ra", "location_name": "0090vwx0101ra", "network_source": "Rijkswaterstaat (national highway)", "observed": true }, "geometry": { "type": "Point", "coordinates": [ 4.956340001290415, 52.303131004100457 ] } },
{ "type": "Feature", "properties": { "location_id": "RWS01_MONIBAS_0090vwx0101rb", "location_name": "0090vwx0101rb", "network_source": "Rijkswaterstaat (national highway)", "observed": true }, "geometry": { "type": "Point", "coordinates": [ 4.956340001290415, 52.303131004100457 ] } },
{ "type": "Feature", "properties": { "location_id": "RWS01_MONIBAS_0090vwx0103ra", "location_name": "0090vwx0103ra", "network_source": "Rijkswaterstaat (national highway)", "observed": true }, "geometry": { "type": "Point", "coordinates": [ 4.953170001287194, 52.301998004099794 ] } },
{ "type": "Feature", "properties": { "location_id": "RWS01_MONIBAS_0090vwy0070ra", "location_name": "0090vwy0070ra", "network_source": "Rijkswaterstaat (national highway)", "observed": true }, "geometry": { "type": "Point", "coordinates": [ 4.995000001329675, 52.316231004108076 ] } },
{ "type": "Feature", "properties": { "location_id": "RWS01_MONIBAS_0090vwy0075ra", "location_name": "0090vwy0075ra", "network_source": "Rijkswaterstaat (national highway)", "observed": true }, "geometry": { "type": "Point", "coordinates": [ 4.989650001324231, 52.314152004106838 ] } },
{ "type": "Feature", "properties": { "location_id": "RWS01_MONIBAS_0090vwy0076ra", "location_name": "0090vwy0076ra", "network_source": "Rijkswaterstaat (national highway)", "observed": true }, "geometry": { "type": "Point", "coordinates": [ 4.988210001322769, 52.313709004106578 ] } },
{ "type": "Feature", "properties": { "location_id": "RWS01_MONIBAS_0090vwy0077ra", "location_name": "0090vwy0077ra", "network_source": "Rijkswaterstaat (national highway)", "observed": true }, "geometry": { "type": "Point", "coordinates": [ 4.986610001321147, 52.313251004106355 ] } },
{ "type": "Feature", "properties": { "location_id": "RWS01_MONIBAS_0090vwy0078ra", "location_name": "0090vwy0078ra", "network_source": "Rijkswaterstaat (national highway)", "observed": true }, "geometry": { "type": "Point", "coordinates": [ 4.984970001319486, 52.312729004106025 ] } },
{ "type": "Feature", "properties": { "location_id": "RWS01_MONIBAS_0090vwy0079ra", "location_name": "0090vwy0079ra", "network_source": "Rijkswaterstaat (national highway)", "observed": true }, "geometry": { "type": "Point", "coordinates": [ 4.983490001317982, 52.312229004105752 ] } },
{ "type": "Feature", "properties": { "location_id": "RWS01_MONIBAS_0090vwy0081ra", "location_name": "0090vwy0081ra", "network_source": "Rijkswaterstaat (national highway)", "observed": true }, "geometry": { "type": "Point", "coordinates": [ 4.981820001316289, 52.311661004105403 ] } },
{ "type": "Feature", "properties": { "location_id": "RWS01_MONIBAS_0090vwy0082ra", "location_name": "0090vwy0082ra", "network_source": "Rijkswaterstaat (national highway)", "observed": true }, "geometry": { "type": "Point", "coordinates": [ 4.980130001314571, 52.311100004105093 ] } },
{ "type": "Feature", "properties": { "location_id": "RWS01_MONIBAS_0090vwy0083ra", "location_name": "0090vwy0083ra", "network_source": "Rijkswaterstaat (national highway)", "observed": true }, "geometry": { "type": "Point", "coordinates": [ 4.97856000131298, 52.310600004104792 ] } },
{ "type": "Feature", "properties": { "location_id": "RWS01_MONIBAS_0090vwy0084ra", "location_name": "0090vwy0084ra", "network_source": "Rijkswaterstaat (national highway)", "observed": true }, "geometry": { "type": "Point", "coordinates": [ 4.977050001311445, 52.310040004104479 ] } },
{ "type": "Feature", "properties": { "location_id": "RWS01_MONIBAS_0090vwy0086ra", "location_name": "0090vwy0086ra", "network_source": "Rijkswaterstaat (national highway)", "observed": true }, "geometry": { "type": "Point", "coordinates": [ 4.975300001309662, 52.3093910041041 ] } },
{ "type": "Feature", "properties": { "location_id": "RWS01_MONIBAS_0090vwy0087ra", "location_name": "0090vwy0087ra", "network_source": "Rijkswaterstaat (national highway)", "observed": true }, "geometry": { "type": "Point", "coordinates": [ 4.973360001307693, 52.308731004103748 ] } },
{ "type": "Feature", "properties": { "location_id": "RWS01_MONIBAS_0090vwy0089ra", "location_name": "0090vwy0089ra", "network_source": "Rijkswaterstaat (national highway)", "observed": true }, "geometry": { "type": "Point", "coordinates": [ 4.971440001305743, 52.30807100410334 ] } },
{ "type": "Feature", "properties": { "location_id": "RWS01_MONIBAS_0090vwy0090ra", "location_name": "0090vwy0090ra", "network_source": "Rijkswaterstaat (national highway)", "observed": true }, "geometry": { "type": "Point", "coordinates": [ 4.969590001303865, 52.307430004102947 ] } },
{ "type": "Feature", "properties": { "location_id": "RWS01_MONIBAS_0090vwy0092ra", "location_name": "0090vwy0092ra", "network_source": "Rijkswaterstaat (national highway)", "observed": true }, "geometry": { "type": "Point", "coordinates": [ 4.967600001301843, 52.306751004102551 ] } },
{ "type": "Feature", "properties": { "location_id": "RWS01_MONIBAS_0090vwy0093ra", "location_name": "0090vwy0093ra", "network_source": "Rijkswaterstaat (national highway)", "observed": true }, "geometry": { "type": "Point", "coordinates": [ 4.966110001300327, 52.306259004102273 ] } },
{ "type": "Feature", "properties": { "location_id": "RWS01_MONIBAS_0090vwy0094ra", "location_name": "0090vwy0094ra", "network_source": "Rijkswaterstaat (national highway)", "observed": true }, "geometry": { "type": "Point", "coordinates": [ 4.96473000129893, 52.305840004102045 ] } },
{ "type": "Feature", "properties": { "location_id": "RWS01_MONIBAS_0090vwy0094rb", "location_name": "0090vwy0094rb", "network_source": "Rijkswaterstaat (national highway)", "observed": true }, "geometry": { "type": "Point", "coordinates": [ 4.96473000129893, 52.305840004102045 ] } },
{ "type": "Feature", "properties": { "location_id": "RWS01_MONIBAS_0090vwy0095ra", "location_name": "0090vwy0095ra", "network_source": "Rijkswaterstaat (national highway)", "observed": true }, "geometry": { "type": "Point", "coordinates": [ 4.963610001297791, 52.305462004101777 ] } },
{ "type": "Feature", "properties": { "location_id": "RWS01_MONIBAS_0090vwy0095rb", "location_name": "0090vwy0095rb", "network_source": "Rijkswaterstaat (national highway)", "observed": true }, "geometry": { "type": "Point", "coordinates": [ 4.963610001297791, 52.305462004101777 ] } },
{ "type": "Feature", "properties": { "location_id": "RWS01_MONIBAS_0090vwy0096ra", "location_name": "0090vwy0096ra", "network_source": "Rijkswaterstaat (national highway)", "observed": true }, "geometry": { "type": "Point", "coordinates": [ 4.962240001296402, 52.304970004101534 ] } },
{ "type": "Feature", "properties": { "location_id": "RWS01_MONIBAS_0090vwy0096rb", "location_name": "0090vwy0096rb", "network_source": "Rijkswaterstaat (national highway)", "observed": true }, "geometry": { "type": "Point", "coordinates": [ 4.962240001296402, 52.304970004101534 ] } },
{ "type": "Feature", "properties": { "location_id": "RWS01_MONIBAS_0090vwy0098ra", "location_name": "0090vwy0098ra", "network_source": "Rijkswaterstaat (national highway)", "observed": true }, "geometry": { "type": "Point", "coordinates": [ 4.960080001294199, 52.304081004100993 ] } },
{ "type": "Feature", "properties": { "location_id": "RWS01_MONIBAS_0090vwy0098rb", "location_name": "0090vwy0098rb", "network_source": "Rijkswaterstaat (national highway)", "observed": true }, "geometry": { "type": "Point", "coordinates": [ 4.960080001294199, 52.304081004100993 ] } },
{ "type": "Feature", "properties": { "location_id": "RWS01_MONIBAS_0090vwy0099ra", "location_name": "0090vwy0099ra", "network_source": "Rijkswaterstaat (national highway)", "observed": true }, "geometry": { "type": "Point", "coordinates": [ 4.958710001292799, 52.303421004100613 ] } },
{ "type": "Feature", "properties": { "location_id": "RWS01_MONIBAS_0090vwy0099rb", "location_name": "0090vwy0099rb", "network_source": "Rijkswaterstaat (national highway)", "observed": true }, "geometry": { "type": "Point", "coordinates": [ 4.958710001292799, 52.303421004100613 ] } },
{ "type": "Feature", "properties": { "location_id": "RWS01_MONIBAS_0090vwy0100ra", "location_name": "0090vwy0100ra", "network_source": "Rijkswaterstaat (national highway)", "observed": true }, "geometry": { "type": "Point", "coordinates": [ 4.957450001291511, 52.302849004100295 ] } },
{ "type": "Feature", "properties": { "location_id": "RWS01_MONIBAS_0090vwy0100rb", "location_name": "0090vwy0100rb", "network_source": "Rijkswaterstaat (national highway)", "observed": true }, "geometry": { "type": "Point", "coordinates": [ 4.957450001291511, 52.302849004100295 ] } },
{ "type": "Feature", "properties": { "location_id": "RWS01_MONIBAS_0090vwy0102ra", "location_name": "0090vwy0102ra", "network_source": "Rijkswaterstaat (national highway)", "observed": true }, "geometry": { "type": "Point", "coordinates": [ 4.955450001289477, 52.302132004099846 ] } },
{ "type": "Feature", "properties": { "location_id": "RWS01_MONIBAS_0090vwy0102rb", "location_name": "0090vwy0102rb", "network_source": "Rijkswaterstaat (national highway)", "observed": true }, "geometry": { "type": "Point", "coordinates": [ 4.955450001289477, 52.302132004099846 ] } },
{ "type": "Feature", "properties": { "location_id": "RWS01_MONIBAS_0091hrl0062ra", "location_name": "0091hrl0062ra", "network_source": "Rijkswaterstaat (national highway)", "observed": true }, "geometry": { "type": "Point", "coordinates": [ 5.003070001337983, 52.321522004111159 ] } },
{ "type": "Feature", "properties": { "location_id": "RWS01_MONIBAS_0091hrl0066ra_1", "location_name": "0091hrl0066ra", "network_source": "Rijkswaterstaat (national highway)", "observed": true }, "geometry": { "type": "Point", "coordinates": [ 5.000170001334978, 52.319172004109795 ] } },
{ "type": "Feature", "properties": { "location_id": "RWS01_MONIBAS_0091hrl0070ra", "location_name": "0091hrl0070ra", "network_source": "Rijkswaterstaat (national highway)", "observed": true }, "geometry": { "type": "Point", "coordinates": [ 4.994890001329567, 52.316311004108108 ] } },
{ "type": "Feature", "properties": { "location_id": "RWS01_MONIBAS_0091hrl0072ra", "location_name": "0091hrl0072ra", "network_source": "Rijkswaterstaat (national highway)", "observed": true }, "geometry": { "type": "Point", "coordinates": [ 4.992470001327104, 52.315300004107527 ] } },
{ "type": "Feature", "properties": { "location_id": "RWS01_MONIBAS_0091hrl0074ra", "location_name": "0091hrl0074ra", "network_source": "Rijkswaterstaat (national highway)", "observed": true }, "geometry": { "type": "Point", "coordinates": [ 4.991100001325711, 52.314789004107226 ] } },
{ "type": "Feature", "properties": { "location_id": "RWS01_MONIBAS_0091hrl0075ra", "location_name": "0091hrl0075ra", "network_source": "Rijkswaterstaat (national highway)", "observed": true }, "geometry": { "type": "Point", "coordinates": [ 4.98858000132315, 52.313961004106723 ] } },
{ "type": "Feature", "properties": { "location_id": "RWS01_MONIBAS_0091hrl0075rb", "location_name": "0091hrl0075rb", "network_source": "Rijkswaterstaat (national highway)", "observed": true }, "geometry": { "type": "Point", "coordinates": [ 4.989690001324279, 52.314308004106977 ] } },
{ "type": "Feature", "properties": { "location_id": "RWS01_MONIBAS_0091hrl0077ra", "location_name": "0091hrl0077ra", "network_source": "Rijkswaterstaat (national highway)", "observed": true }, "geometry": { "type": "Point", "coordinates": [ 4.986530001321075, 52.313358004106426 ] } },
{ "type": "Feature", "properties": { "location_id": "RWS01_MONIBAS_0091hrl0078ra", "location_name": "0091hrl0078ra", "network_source": "Rijkswaterstaat (national highway)", "observed": true }, "geometry": { "type": "Point", "coordinates": [ 4.985350001319881, 52.313000004106229 ] } },
{ "type": "Feature", "properties": { "location_id": "RWS01_MONIBAS_0091hrl0079ra", "location_name": "0091hrl0079ra", "network_source": "Rijkswaterstaat (national highway)", "observed": true }, "geometry": { "type": "Point", "coordinates": [ 4.983930001318436, 52.312531004105942 ] } },
{ "type": "Feature", "properties": { "location_id": "RWS01_MONIBAS_0091hrl0081ra", "location_name": "0091hrl0081ra", "network_source": "Rijkswaterstaat (national highway)", "observed": true }, "geometry": { "type": "Point", "coordinates": [ 4.982020001316497, 52.311871004105555 ] } },
{ "type": "Feature", "properties": { "location_id": "RWS01_MONIBAS_0091hrl0082ra", "location_name": "0091hrl0082ra", "network_source": "Rijkswaterstaat (national highway)", "observed": true }, "geometry": { "type": "Point", "coordinates": [ 4.98009000131454, 52.311241004105192 ] } },
{ "type": "Feature", "properties": { "location_id": "RWS01_MONIBAS_0091hrl0084ra", "location_name": "0091hrl0084ra", "network_source": "Rijkswaterstaat (national highway)", "observed": true }, "geometry": { "type": "Point", "coordinates": [ 4.97814000131256, 52.310600004104842 ] } },
{ "type": "Feature", "properties": { "location_id": "RWS01_MONIBAS_0091hrl0085ra", "location_name": "0091hrl0085ra", "network_source": "Rijkswaterstaat (national highway)", "observed": true }, "geometry": { "type": "Point", "coordinates": [ 4.976160001310547, 52.309921004104403 ] } },
{ "type": "Feature", "properties": { "location_id": "RWS01_MONIBAS_0091hrl0087ra", "location_name": "0091hrl0087ra", "network_source": "Rijkswaterstaat (national highway)", "observed": true }, "geometry": { "type": "Point", "coordinates": [ 4.974310001308669, 52.30929200410403 ] } },
{ "type": "Feature", "properties": { "location_id": "RWS01_MONIBAS_0091hrl0088ra", "location_name": "0091hrl0088ra", "network_source": "Rijkswaterstaat (national highway)", "observed": true }, "geometry": { "type": "Point", "coordinates": [ 4.972600001306933, 52.308701004103739 ] } },
{ "type": "Feature", "properties": { "location_id": "RWS01_MONIBAS_0091hrl0089ra", "location_name": "0091hrl0089ra", "network_source": "Rijkswaterstaat (national highway)", "observed": true }, "geometry": { "type": "Point", "coordinates": [ 4.970860001305162, 52.308102004103361 ] } },
{ "type": "Feature", "properties": { "location_id": "RWS01_MONIBAS_0091hrl0091ra", "location_name": "0091hrl0091ra", "network_source": "Rijkswaterstaat (national highway)", "observed": true }, "geometry": { "type": "Point", "coordinates": [ 4.969070001303346, 52.307491004102985 ] } },
{ "type": "Feature", "properties": { "location_id": "RWS01_MONIBAS_0091hrl0092ra", "location_name": "0091hrl0092ra", "network_source": "Rijkswaterstaat (national highway)", "observed": true }, "geometry": { "type": "Point", "coordinates": [ 4.967290001301537, 52.306870004102656 ] } },
{ "type": "Feature", "properties": { "location_id": "RWS01_MONIBAS_0091hrl0094ra", "location_name": "0091hrl0094ra", "network_source": "Rijkswaterstaat (national highway)", "observed": true }, "geometry": { "type": "Point", "coordinates": [ 4.965370001299588, 52.306221004102255 ] } },
{ "type": "Feature", "properties": { "location_id": "RWS01_MONIBAS_0091hrl0095ra", "location_name": "0091hrl0095ra", "network_source": "Rijkswaterstaat (national highway)", "observed": true }, "geometry": { "type": "Point", "coordinates": [ 4.96346000129765, 52.305561004101889 ] } },
{ "type": "Feature", "properties": { "location_id": "RWS01_MONIBAS_0091hrl0096ra", "location_name": "0091hrl0096ra", "network_source": "Rijkswaterstaat (national highway)", "observed": true }, "geometry": { "type": "Point", "coordinates": [ 4.961880001296042, 52.304981004101514 ] } },
{ "type": "Feature", "properties": { "location_id": "RWS01_MONIBAS_0091hrl0097ra", "location_name": "0091hrl0097ra", "network_source": "Rijkswaterstaat (national highway)", "observed": true }, "geometry": { "type": "Point", "coordinates": [ 4.96072000129486, 52.304520004101249 ] } },
{ "type": "Feature", "properties": { "location_id": "RWS01_MONIBAS_0091hrl0099ra", "location_name": "0091hrl0099ra", "network_source": "Rijkswaterstaat (national highway)", "observed": true }, "geometry": { "type": "Point", "coordinates": [ 4.959170001293279, 52.303829004100855 ] } },
{ "type": "Feature", "properties": { "location_id": "RWS01_MONIBAS_0091hrl0100ra", "location_name": "0091hrl0100ra", "network_source": "Rijkswaterstaat (national highway)", "observed": true }, "geometry": { "type": "Point", "coordinates": [ 4.957680001291759, 52.30318100410048 ] } },
{ "type": "Feature", "properties": { "location_id": "RWS01_MONIBAS_0091hrl0102ra", "location_name": "0091hrl0102ra", "network_source": "Rijkswaterstaat (national highway)", "observed": true }, "geometry": { "type": "Point", "coordinates": [ 4.955230001289268, 52.302292004099954 ] } },
{ "type": "Feature", "properties": { "location_id": "RWS01_MONIBAS_0091hrl0105ra", "location_name": "0091hrl0105ra", "network_source": "Rijkswaterstaat (national highway)", "observed": true }, "geometry": { "type": "Point", "coordinates": [ 4.951350001285327, 52.301022004099238 ] } },
{ "type": "Feature", "properties": { "location_id": "RWS01_MONIBAS_0091hrl0105rb", "location_name": "0091hrl0105rb", "network_source": "Rijkswaterstaat (national highway)", "observed": true }, "geometry": { "type": "Point", "coordinates": [ 4.951350001285327, 52.301022004099238 ] } },
{ "type": "Feature", "properties": { "location_id": "RWS01_MONIBAS_0091hrl0106ra", "location_name": "0091hrl0106ra", "network_source": "Rijkswaterstaat (national highway)", "observed": true }, "geometry": { "type": "Point", "coordinates": [ 4.949210001283153, 52.300289004098779 ] } },
{ "type": "Feature", "properties": { "location_id": "RWS01_MONIBAS_0091hrr0074ra", "location_name": "0091hrr0074ra", "network_source": "Rijkswaterstaat (national highway)", "observed": true }, "geometry": { "type": "Point", "coordinates": [ 4.990870001325485, 52.314911004107316 ] } },
{ "type": "Feature", "properties": { "location_id": "RWS01_MONIBAS_0091hrr0076ra", "location_name": "0091hrr0076ra", "network_source": "Rijkswaterstaat (national highway)", "observed": true }, "geometry": { "type": "Point", "coordinates": [ 4.98788000132245, 52.31393800410676 ] } },
{ "type": "Feature", "properties": { "location_id": "RWS01_MONIBAS_0091hrr0077ra", "location_name": "0091hrr0077ra", "network_source": "Rijkswaterstaat (national highway)", "observed": true }, "geometry": { "type": "Point", "coordinates": [ 4.986420001320972, 52.313519004106546 ] } },
{ "type": "Feature", "properties": { "location_id": "RWS01_MONIBAS_0091hrr0078ra", "location_name": "0091hrr0078ra", "network_source": "Rijkswaterstaat (national highway)", "observed": true }, "geometry": { "type": "Point", "coordinates": [ 4.985110001319643, 52.313122004106276 ] } },
{ "type": "Feature", "properties": { "location_id": "RWS01_MONIBAS_0091hrr0079ra", "location_name": "0091hrr0079ra", "network_source": "Rijkswaterstaat (national highway)", "observed": true }, "geometry": { "type": "Point", "coordinates": [ 4.983190001317693, 52.312469004105914 ] } },
{ "type": "Feature", "properties": { "location_id": "RWS01_MONIBAS_0091hrr0081ra", "location_name": "0091hrr0081ra", "network_source": "Rijkswaterstaat (national highway)", "observed": true }, "geometry": { "type": "Point", "coordinates": [ 4.981270001315745, 52.311821004105489 ] } },
{ "type": "Feature", "properties": { "location_id": "RWS01_MONIBAS_0091hrr0082ra", "location_name": "0091hrr0082ra", "network_source": "Rijkswaterstaat (national highway)", "observed": true }, "geometry": { "type": "Point", "coordinates": [ 4.979590001314038, 52.311272004105177 ] } },
{ "type": "Feature", "properties": { "location_id": "RWS01_MONIBAS_0091hrr0084ra", "location_name": "0091hrr0084ra", "network_source": "Rijkswaterstaat (national highway)", "observed": true }, "geometry": { "type": "Point", "coordinates": [ 4.977910001312335, 52.310719004104854 ] } },
{ "type": "Feature", "properties": { "location_id": "RWS01_MONIBAS_0091hrr0085ra", "location_name": "0091hrr0085ra", "network_source": "Rijkswaterstaat (national highway)", "observed": true }, "geometry": { "type": "Point", "coordinates": [ 4.976050001310446, 52.310081004104546 ] } },
{ "type": "Feature", "properties": { "location_id": "RWS01_MONIBAS_0091hrr0087ra", "location_name": "0091hrr0087ra", "network_source": "Rijkswaterstaat (national highway)", "observed": true }, "geometry": { "type": "Point", "coordinates": [ 4.974080001308445, 52.309399004104137 ] } },
{ "type": "Feature", "properties": { "location_id": "RWS01_MONIBAS_0091hrr0088ra", "location_name": "0091hrr0088ra", "network_source": "Rijkswaterstaat (national highway)", "observed": true }, "geometry": { "type": "Point", "coordinates": [ 4.972160001306494, 52.308750004103729 ] } },
{ "type": "Feature", "properties": { "location_id": "RWS01_MONIBAS_0091hrr0090ra", "location_name": "0091hrr0090ra", "network_source": "Rijkswaterstaat (national highway)", "observed": true }, "geometry": { "type": "Point", "coordinates": [ 4.970250001304554, 52.30809000410337 ] } },
{ "type": "Feature", "properties": { "location_id": "RWS01_MONIBAS_0091hrr0091ra", "location_name": "0091hrr0091ra", "network_source": "Rijkswaterstaat (national highway)", "observed": true }, "geometry": { "type": "Point", "coordinates": [ 4.968330001302602, 52.307430004102947 ] } },
{ "type": "Feature", "properties": { "location_id": "RWS01_MONIBAS_0091hrr0093ra", "location_name": "0091hrr0093ra", "network_source": "Rijkswaterstaat (national highway)", "observed": true }, "geometry": { "type": "Point", "coordinates": [ 4.966410001300654, 52.306770004102596 ] } },
{ "type": "Feature", "properties": { "location_id": "RWS01_MONIBAS_0091hrr0094ra", "location_name": "0091hrr0094ra", "network_source": "Rijkswaterstaat (national highway)", "observed": true }, "geometry": { "type": "Point", "coordinates": [ 4.964440001298653, 52.306091004102193 ] } },
{ "type": "Feature", "properties": { "location_id": "RWS01_MONIBAS_0091hrr0096ra", "location_name": "0091hrr0096ra", "network_source": "Rijkswaterstaat (national highway)", "observed": true }, "geometry": { "type": "Point", "coordinates": [ 4.962600001296783, 52.3054500041018 ] } },
{ "type": "Feature", "properties": { "location_id": "RWS01_MONIBAS_0091hrr0097ra", "location_name": "0091hrr0097ra", "network_source": "Rijkswaterstaat (national highway)", "observed": true }, "geometry": { "type": "Point", "coordinates": [ 4.961350001295511, 52.304981004101549 ] } },
{ "type": "Feature", "properties": { "location_id": "RWS01_MONIBAS_0091hrr0098ra", "location_name": "0091hrr0098ra", "network_source": "Rijkswaterstaat (national highway)", "observed": true }, "geometry": { "type": "Point", "coordinates": [ 4.960130001294266, 52.304470004101233 ] } },
{ "type": "Feature", "properties": { "location_id": "RWS01_MONIBAS_0091hrr0099ra", "location_name": "0091hrr0099ra", "network_source": "Rijkswaterstaat (national highway)", "observed": true }, "geometry": { "type": "Point", "coordinates": [ 4.958340001292441, 52.30369200410076 ] } },
{ "type": "Feature", "properties": { "location_id": "RWS01_MONIBAS_0091hrr0101ra", "location_name": "0091hrr0101ra", "network_source": "Rijkswaterstaat (national highway)", "observed": true }, "geometry": { "type": "Point", "coordinates": [ 4.956250001290313, 52.302872004100308 ] } },
{ "type": "Feature", "properties": { "location_id": "RWS01_MONIBAS_0091hrr0103ra", "location_name": "0091hrr0103ra", "network_source": "Rijkswaterstaat (national highway)", "observed": true }, "geometry": { "type": "Point", "coordinates": [ 4.953290001287307, 52.301891004099701 ] } },
{ "type": "Feature", "properties": { "location_id": "RWS01_MONIBAS_0091hrr0107ra", "location_name": "0091hrr0107ra", "network_source": "Rijkswaterstaat (national highway)", "observed": true }, "geometry": { "type": "Point", "coordinates": [ 4.947920001281853, 52.300098004098665 ] } },
{ "type": "Feature", "properties": { "location_id": "RWS01_MONIBAS_0091hrr0119ra", "location_name": "0091hrr0119ra", "network_source": "Rijkswaterstaat (national highway)", "observed": true }, "geometry": { "type": "Point", "coordinates": [ 4.937050001270788, 52.295872004096211 ] } },
{ "type": "Feature", "properties": { "location_id": "RWS01_MONIBAS_0091hrr0213ra", "location_name": "0091hrr0213ra", "network_source": "Rijkswaterstaat (national highway)", "observed": true }, "geometry": { "type": "Point", "coordinates": [ 4.949630001283584, 52.300510004098918 ] } },
{ "type": "Feature", "properties": { "location_id": "RWS01_MONIBAS_0091hrr0216ra", "location_name": "0091hrr0216ra", "network_source": "Rijkswaterstaat (national highway)", "observed": true }, "geometry": { "type": "Point", "coordinates": [ 4.944630001277906, 52.285980004090256 ] } },
{ "type": "Feature", "properties": { "location_id": "RWS01_MONIBAS_0091hrr0217ra", "location_name": "0091hrr0217ra", "network_source": "Rijkswaterstaat (national highway)", "observed": true }, "geometry": { "type": "Point", "coordinates": [ 4.943690001276964, 52.285980004090256 ] } },
{ "type": "Feature", "properties": { "location_id": "RWS01_MONIBAS_0091hrr0221ra", "location_name": "0091hrr0221ra", "network_source": "Rijkswaterstaat (national highway)", "observed": true }, "geometry": { "type": "Point", "coordinates": [ 4.93781000127109, 52.286160004090391 ] } },
{ "type": "Feature", "properties": { "location_id": "RWS01_MONIBAS_0091hrr0224ra", "location_name": "0091hrr0224ra", "network_source": "Rijkswaterstaat (national highway)", "observed": true }, "geometry": { "type": "Point", "coordinates": [ 4.932960001266249, 52.286350004090536 ] } },
{ "type": "Feature", "properties": { "location_id": "RWS01_MONIBAS_0091hrr0225ra", "location_name": "0091hrr0225ra", "network_source": "Rijkswaterstaat (national highway)", "observed": true }, "geometry": { "type": "Point", "coordinates": [ 4.932230001265521, 52.286388004090512 ] } },
{ "type": "Feature", "properties": { "location_id": "RWS01_MONIBAS_0091hrr0228ra", "location_name": "0091hrr0228ra", "network_source": "Rijkswaterstaat (national highway)", "observed": true }, "geometry": { "type": "Point", "coordinates": [ 4.928390001261694, 52.286678004090717 ] } },
{ "type": "Feature", "properties": { "location_id": "RWS01_MONIBAS_0091hrr0230ra", "location_name": "0091hrr0230ra", "network_source": "Rijkswaterstaat (national highway)", "observed": true }, "geometry": { "type": "Point", "coordinates": [ 4.924789901258111, 52.287059804091001 ] } },
{ "type": "Feature", "properties": { "location_id": "RWS01_MONIBAS_0091hrr0232ra", "location_name": "0091hrr0232ra", "network_source": "Rijkswaterstaat (national highway)", "observed": true }, "geometry": { "type": "Point", "coordinates": [ 4.922710001256043, 52.287300004091144 ] } },
{ "type": "Feature", "properties": { "location_id": "RWS01_MONIBAS_0091hrr0234ra", "location_name": "0091hrr0234ra", "network_source": "Rijkswaterstaat (national highway)", "observed": true }, "geometry": { "type": "Point", "coordinates": [ 4.919850001253199, 52.28768200409138 ] } },
{ "type": "Feature", "properties": { "location_id": "RWS01_MONIBAS_0091hrr0235ra", "location_name": "0091hrr0235ra", "network_source": "Rijkswaterstaat (national highway)", "observed": true }, "geometry": { "type": "Point", "coordinates": [ 4.917220001250587, 52.288078004091609 ] } },
{ "type": "Feature", "properties": { "location_id": "RWS01_MONIBAS_0091hrr0240ra", "location_name": "0091hrr0240ra", "network_source": "Rijkswaterstaat (national highway)", "observed": true }, "geometry": { "type": "Point", "coordinates": [ 4.910790001244213, 52.289280004092348 ] } },
{ "type": "Feature", "properties": { "location_id": "RWS01_MONIBAS_0091hrr0243ra", "location_name": "0091hrr0243ra", "network_source": "Rijkswaterstaat (national highway)", "observed": false }, "geometry": { "type": "Point", "coordinates": [ 4.906330001239799, 52.290298004092975 ] } },
{ "type": "Feature", "properties": { "location_id": "RWS01_MONIBAS_0091hrr0246ra", "location_name": "0091hrr0246ra", "network_source": "Rijkswaterstaat (national highway)", "observed": true }, "geometry": { "type": "Point", "coordinates": [ 4.903240001236749, 52.291119004093474 ] } },
{ "type": "Feature", "properties": { "location_id": "RWS01_MONIBAS_0091hrr0247ra", "location_name": "0091hrr0247ra", "network_source": "Rijkswaterstaat (national highway)", "observed": true }, "geometry": { "type": "Point", "coordinates": [ 4.901910001235438, 52.291489004093741 ] } },
{ "type": "Feature", "properties": { "location_id": "RWS01_MONIBAS_0091hrr0251ra", "location_name": "0091hrr0251ra", "network_source": "Rijkswaterstaat (national highway)", "observed": true }, "geometry": { "type": "Point", "coordinates": [ 4.896460001230064, 52.293152004094743 ] } },
{ "type": "Feature", "properties": { "location_id": "RWS01_MONIBAS_0091hrr0253ra", "location_name": "0091hrr0253ra", "network_source": "Rijkswaterstaat (national highway)", "observed": true }, "geometry": { "type": "Point", "coordinates": [ 4.892800001226457, 52.294289004095411 ] } },
{ "type": "Feature", "properties": { "location_id": "RWS01_MONIBAS_0100vwa0036ra", "location_name": "0100vwa0036ra", "network_source": "Rijkswaterstaat (national highway)", "observed": true }, "geometry": { "type": "Point", "coordinates": [ 4.932030001271119, 52.409660004163598 ] } },
{ "type": "Feature", "properties": { "location_id": "RWS01_MONIBAS_0100vwa0138ra", "location_name": "0100vwa0138ra", "network_source": "Rijkswaterstaat (national highway)", "observed": true }, "geometry": { "type": "Point", "coordinates": [ 4.93958000127521, 52.336330004120271 ] } },
{ "type": "Feature", "properties": { "location_id": "RWS01_MONIBAS_0100vwa0172ra", "location_name": "0100vwa0172ra", "network_source": "Rijkswaterstaat (national highway)", "observed": true }, "geometry": { "type": "Point", "coordinates": [ 4.896430001232003, 52.334530004119337 ] } },
{ "type": "Feature", "properties": { "location_id": "RWS01_MONIBAS_0100vwa0195ra", "location_name": "0100vwa0195ra", "network_source": "Rijkswaterstaat (national highway)", "observed": true }, "geometry": { "type": "Point", "coordinates": [ 4.862860001198648, 52.338558004121836 ] } },
{ "type": "Feature", "properties": { "location_id": "RWS01_MONIBAS_0100vwb0129ra", "location_name": "0100vwb0129ra", "network_source": "Rijkswaterstaat (national highway)", "observed": true }, "geometry": { "type": "Point", "coordinates": [ 4.951250001287051, 52.340172004122486 ] } },
{ "type": "Feature", "properties": { "location_id": "RWS01_MONIBAS_0100vwb0140ra", "location_name": "0100vwb0140ra", "network_source": "Rijkswaterstaat (national highway)", "observed": true }, "geometry": { "type": "Point", "coordinates": [ 4.937850001273456, 52.335739004119958 ] } },
{ "type": "Feature", "properties": { "location_id": "RWS01_MONIBAS_0100vwb0183ra", "location_name": "0100vwb0183ra", "network_source": "Rijkswaterstaat (national highway)", "observed": true }, "geometry": { "type": "Point", "coordinates": [ 4.894460001230056, 52.335049004119668 ] } },
{ "type": "Feature", "properties": { "location_id": "RWS01_MONIBAS_0100vwb0199ra", "location_name": "0100vwb0199ra", "network_source": "Rijkswaterstaat (national highway)", "observed": true }, "geometry": { "type": "Point", "coordinates": [ 4.860360001196167, 52.338928004122053 ] } },
{ "type": "Feature", "properties": { "location_id": "RWS01_MONIBAS_0100vwc0131ra", "location_name": "0100vwc0131ra", "network_source": "Rijkswaterstaat (national highway)", "observed": true }, "geometry": { "type": "Point", "coordinates": [ 4.9495600012853, 52.338848004121722 ] } },
{ "type": "Feature", "properties": { "location_id": "RWS01_MONIBAS_0100vwc0140ra", "location_name": "0100vwc0140ra", "network_source": "Rijkswaterstaat (national highway)", "observed": true }, "geometry": { "type": "Point", "coordinates": [ 4.93820000127379, 52.33544200411977 ] } },
{ "type": "Feature", "properties": { "location_id": "RWS01_MONIBAS_0100vwc0175ra", "location_name": "0100vwc0175ra", "network_source": "Rijkswaterstaat (national highway)", "observed": true }, "geometry": { "type": "Point", "coordinates": [ 4.892450001228065, 52.335339004119852 ] } },
{ "type": "Feature", "properties": { "location_id": "RWS01_MONIBAS_0100vwc0199ra", "location_name": "0100vwc0199ra", "network_source": "Rijkswaterstaat (national highway)", "observed": true }, "geometry": { "type": "Point", "coordinates": [ 4.859750001195501, 52.337769004121384 ] } },
{ "type": "Feature", "properties": { "location_id": "RWS01_MONIBAS_0100vwd0127ra", "location_name": "0100vwd0127ra", "network_source": "Rijkswaterstaat (national highway)", "observed": true }, "geometry": { "type": "Point", "coordinates": [ 4.953930001289787, 52.341370004123206 ] } },
{ "type": "Feature", "properties": { "location_id": "RWS01_MONIBAS_0100vwd0137ra", "location_name": "0100vwd0137ra", "network_source": "Rijkswaterstaat (national highway)", "observed": true }, "geometry": { "type": "Point", "coordinates": [ 4.93958000127521, 52.336330004120271 ] } },
{ "type": "Feature", "properties": { "location_id": "RWS01_MONIBAS_0100vwd0173ra", "location_name": "0100vwd0173ra", "network_source": "Rijkswaterstaat (national highway)", "observed": true }, "geometry": { "type": "Point", "coordinates": [ 4.89547000123101, 52.333820004118948 ] } },
{ "type": "Feature", "properties": { "location_id": "RWS01_MONIBAS_0100vwd0197ra", "location_name": "0100vwd0197ra", "network_source": "Rijkswaterstaat (national highway)", "observed": true }, "geometry": { "type": "Point", "coordinates": [ 4.862950001198707, 52.337971004121478 ] } },
{ "type": "Feature", "properties": { "location_id": "RWS01_MONIBAS_0100vwn0290ra", "location_name": "0100vwn0290ra", "network_source": "Rijkswaterstaat (national highway)", "observed": true }, "geometry": { "type": "Point", "coordinates": [ 4.855600001194689, 52.406651004162043 ] } },
{ "type": "Feature", "properties": { "location_id": "RWS01_MONIBAS_0100vwn0293ra", "location_name": "0100vwn0293ra", "network_source": "Rijkswaterstaat (national highway)", "observed": true }, "geometry": { "type": "Point", "coordinates": [ 4.858720001197917, 52.408981004163358 ] } },
{ "type": "Feature", "properties": { "location_id": "RWS01_MONIBAS_0100vwn0296ra", "location_name": "0100vwn0296ra", "network_source": "Rijkswaterstaat (national highway)", "observed": true }, "geometry": { "type": "Point", "coordinates": [ 4.860940001200239, 52.411171004164672 ] } },
{ "type": "Feature", "properties": { "location_id": "RWS01_MONIBAS_0100vwn0297ra", "location_name": "0100vwn0297ra", "network_source": "Rijkswaterstaat (national highway)", "observed": true }, "geometry": { "type": "Point", "coordinates": [ 4.862120001201478, 52.41241800416541 ] } },
{ "type": "Feature", "properties": { "location_id": "RWS01_MONIBAS_0100vwn0299ra", "location_name": "0100vwn0299ra", "network_source": "Rijkswaterstaat (national highway)", "observed": true }, "geometry": { "type": "Point", "coordinates": [ 4.863040001202442, 52.413399004165981 ] } },
{ "type": "Feature", "properties": { "location_id": "RWS01_MONIBAS_0100vwn0300ra", "location_name": "0100vwn0300ra", "network_source": "Rijkswaterstaat (national highway)", "observed": true }, "geometry": { "type": "Point", "coordinates": [ 4.86425000120371, 52.414688004166699 ] } },
{ "type": "Feature", "properties": { "location_id": "RWS01_MONIBAS_0100vwn0300rb", "location_name": "0100vwn0300rb", "network_source": "Rijkswaterstaat (national highway)", "observed": true }, "geometry": { "type": "Point", "coordinates": [ 4.863620001203052, 52.414021004166365 ] } },
{ "type": "Feature", "properties": { "location_id": "RWS01_MONIBAS_0100vwn0302ra", "location_name": "0100vwn0302ra", "network_source": "Rijkswaterstaat (national highway)", "observed": true }, "geometry": { "type": "Point", "coordinates": [ 4.865410001204928, 52.415901004167424 ] } },
{ "type": "Feature", "properties": { "location_id": "RWS01_MONIBAS_0100vwn0304ra_1", "location_name": "0100vwn0304ra", "network_source": "Rijkswaterstaat (national highway)", "observed": true }, "geometry": { "type": "Point", "coordinates": [ 4.866630001206208, 52.417171004168182 ] } },
{ "type": "Feature", "properties": { "location_id": "RWS01_MONIBAS_0100vwn0307ra", "location_name": "0100vwn0307ra", "network_source": "Rijkswaterstaat (national highway)", "observed": true }, "geometry": { "type": "Point", "coordinates": [ 4.868810001208495, 52.419472004169521 ] } },
{ "type": "Feature", "properties": { "location_id": "RWS01_MONIBAS_0100vwn0308ra", "location_name": "0100vwn0308ra", "network_source": "Rijkswaterstaat (national highway)", "observed": true }, "geometry": { "type": "Point", "coordinates": [ 4.870140001209879, 52.420639004170198 ] } },
{ "type": "Feature", "properties": { "location_id": "RWS01_MONIBAS_0100vwp0113ra", "location_name": "0100vwp0113ra", "network_source": "Rijkswaterstaat (national highway)", "observed": true }, "geometry": { "type": "Point", "coordinates": [ 4.962880001299265, 52.352829004129958 ] } },
{ "type": "Feature", "properties": { "location_id": "RWS01_MONIBAS_0100vwp0276ra", "location_name": "0100vwp0276ra", "network_source": "Rijkswaterstaat (national highway)", "observed": true }, "geometry": { "type": "Point", "coordinates": [ 4.844180001182586, 52.392151004153561 ] } },
{ "type": "Feature", "properties": { "location_id": "RWS01_MONIBAS_0100vwp0281ra", "location_name": "0100vwp0281ra", "network_source": "Rijkswaterstaat (national highway)", "observed": true }, "geometry": { "type": "Point", "coordinates": [ 4.845500001184167, 52.397549004156687 ] } },
{ "type": "Feature", "properties": { "location_id": "RWS01_MONIBAS_0100vwp0285ra", "location_name": "0100vwp0285ra", "network_source": "Rijkswaterstaat (national highway)", "observed": true }, "geometry": { "type": "Point", "coordinates": [ 4.853470001192457, 52.404461004160751 ] } },
{ "type": "Feature", "properties": { "location_id": "RWS01_MONIBAS_0100vwp0287ra", "location_name": "0100vwp0287ra", "network_source": "Rijkswaterstaat (national highway)", "observed": true }, "geometry": { "type": "Point", "coordinates": [ 4.853470001192457, 52.404461004160751 ] } },
{ "type": "Feature", "properties": { "location_id": "RWS01_MONIBAS_0100vwp0290ra", "location_name": "0100vwp0290ra", "network_source": "Rijkswaterstaat (national highway)", "observed": true }, "geometry": { "type": "Point", "coordinates": [ 4.856700001195802, 52.406971004162223 ] } },
{ "type": "Feature", "properties": { "location_id": "RWS01_MONIBAS_0100vwp0294ra", "location_name": "0100vwp0294ra", "network_source": "Rijkswaterstaat (national highway)", "observed": true }, "geometry": { "type": "Point", "coordinates": [ 4.860080001199308, 52.409710004163834 ] } },
{ "type": "Feature", "properties": { "location_id": "RWS01_MONIBAS_0100vwp0296ra", "location_name": "0100vwp0296ra", "network_source": "Rijkswaterstaat (national highway)", "observed": true }, "geometry": { "type": "Point", "coordinates": [ 4.861650001200957, 52.411308004164752 ] } },
{ "type": "Feature", "properties": { "location_id": "RWS01_MONIBAS_0100vwp0298ra", "location_name": "0100vwp0298ra", "network_source": "Rijkswaterstaat (national highway)", "observed": true }, "geometry": { "type": "Point", "coordinates": [ 4.862770001202127, 52.412449004165389 ] } },
{ "type": "Feature", "properties": { "location_id": "RWS01_MONIBAS_0100vwp0299ra", "location_name": "0100vwp0299ra", "network_source": "Rijkswaterstaat (national highway)", "observed": true }, "geometry": { "type": "Point", "coordinates": [ 4.863490001202882, 52.413212004165857 ] } },
{ "type": "Feature", "properties": { "location_id": "RWS01_MONIBAS_0100vwp0300ra", "location_name": "0100vwp0300ra", "network_source": "Rijkswaterstaat (national highway)", "observed": true }, "geometry": { "type": "Point", "coordinates": [ 4.864260001203688, 52.414009004166338 ] } },
{ "type": "Feature", "properties": { "location_id": "RWS01_MONIBAS_0100vwp0301ra", "location_name": "0100vwp0301ra", "network_source": "Rijkswaterstaat (national highway)", "observed": true }, "geometry": { "type": "Point", "coordinates": [ 4.864810001204268, 52.414570004166663 ] } },
{ "type": "Feature", "properties": { "location_id": "RWS01_MONIBAS_0100vwp0302ra", "location_name": "0100vwp0302ra", "network_source": "Rijkswaterstaat (national highway)", "observed": true }, "geometry": { "type": "Point", "coordinates": [ 4.865580001205075, 52.415371004167106 ] } },
{ "type": "Feature", "properties": { "location_id": "RWS01_MONIBAS_0100vwp0303ra_1", "location_name": "0100vwp0303ra", "network_source": "Rijkswaterstaat (national highway)", "observed": true }, "geometry": { "type": "Point", "coordinates": [ 4.866310001205837, 52.41613000416757 ] } },
{ "type": "Feature", "properties": { "location_id": "RWS01_MONIBAS_0100vwp0307ra", "location_name": "0100vwp0307ra", "network_source": "Rijkswaterstaat (national highway)", "observed": true }, "geometry": { "type": "Point", "coordinates": [ 4.869130001208794, 52.419029004169261 ] } },
{ "type": "Feature", "properties": { "location_id": "RWS01_MONIBAS_0100vwp0308ra", "location_name": "0100vwp0308ra", "network_source": "Rijkswaterstaat (national highway)", "observed": true }, "geometry": { "type": "Point", "coordinates": [ 4.870290001210003, 52.420090004169886 ] } },
{ "type": "Feature", "properties": { "location_id": "RWS01_MONIBAS_0100vwp0312ra", "location_name": "0100vwp0312ra", "network_source": "Rijkswaterstaat (national highway)", "observed": true }, "geometry": { "type": "Point", "coordinates": [ 4.874150001213942, 52.421940004170956 ] } },
{ "type": "Feature", "properties": { "location_id": "RWS01_MONIBAS_0100vwp0317ra", "location_name": "0100vwp0317ra", "network_source": "Rijkswaterstaat (national highway)", "observed": true }, "geometry": { "type": "Point", "coordinates": [ 4.874740001214731, 52.426128004173407 ] } },
{ "type": "Feature", "properties": { "location_id": "RWS01_MONIBAS_0100vwp0321ra", "location_name": "0100vwp0321ra", "network_source": "Rijkswaterstaat (national highway)", "observed": true }, "geometry": { "type": "Point", "coordinates": [ 4.870650001210818, 52.429539004175396 ] } },
{ "type": "Feature", "properties": { "location_id": "RWS01_MONIBAS_0100vwp0324ra", "location_name": "0100vwp0324ra", "network_source": "Rijkswaterstaat (national highway)", "observed": true }, "geometry": { "type": "Point", "coordinates": [ 4.868760001209012, 52.431252004176429 ] } },
{ "type": "Feature", "properties": { "location_id": "RWS01_MONIBAS_0100vwq0276ra", "location_name": "0100vwq0276ra", "network_source": "Rijkswaterstaat (national highway)", "observed": true }, "geometry": { "type": "Point", "coordinates": [ 4.845500001184167, 52.397549004156687 ] } },
{ "type": "Feature", "properties": { "location_id": "RWS01_MONIBAS_0100vwq0281ra", "location_name": "0100vwq0281ra", "network_source": "Rijkswaterstaat (national highway)", "observed": true }, "geometry": { "type": "Point", "coordinates": [ 4.853470001192457, 52.404461004160751 ] } },
{ "type": "Feature", "properties": { "location_id": "RWS01_MONIBAS_0100vwq0285ra", "location_name": "0100vwq0285ra", "network_source": "Rijkswaterstaat (national highway)", "observed": true }, "geometry": { "type": "Point", "coordinates": [ 4.853470001192457, 52.404461004160751 ] } },
{ "type": "Feature", "properties": { "location_id": "RWS01_MONIBAS_0100vwq0290ra", "location_name": "0100vwq0290ra", "network_source": "Rijkswaterstaat (national highway)", "observed": true }, "geometry": { "type": "Point", "coordinates": [ 4.856700001195802, 52.406971004162223 ] } },
{ "type": "Feature", "properties": { "location_id": "RWS01_MONIBAS_0100vwq0294ra", "location_name": "0100vwq0294ra", "network_source": "Rijkswaterstaat (national highway)", "observed": true }, "geometry": { "type": "Point", "coordinates": [ 4.860080001199308, 52.409710004163834 ] } },
{ "type": "Feature", "properties": { "location_id": "RWS01_MONIBAS_0100vwq0296ra", "location_name": "0100vwq0296ra", "network_source": "Rijkswaterstaat (national highway)", "observed": true }, "geometry": { "type": "Point", "coordinates": [ 4.861650001200957, 52.411308004164752 ] } },
{ "type": "Feature", "properties": { "location_id": "RWS01_MONIBAS_0100vwq0298ra", "location_name": "0100vwq0298ra", "network_source": "Rijkswaterstaat (national highway)", "observed": true }, "geometry": { "type": "Point", "coordinates": [ 4.862770001202127, 52.412449004165389 ] } },
{ "type": "Feature", "properties": { "location_id": "RWS01_MONIBAS_0100vwq0299ra", "location_name": "0100vwq0299ra", "network_source": "Rijkswaterstaat (national highway)", "observed": true }, "geometry": { "type": "Point", "coordinates": [ 4.863490001202882, 52.413212004165857 ] } },
{ "type": "Feature", "properties": { "location_id": "RWS01_MONIBAS_0100vwq0300ra", "location_name": "0100vwq0300ra", "network_source": "Rijkswaterstaat (national highway)", "observed": true }, "geometry": { "type": "Point", "coordinates": [ 4.864260001203688, 52.414009004166338 ] } },
{ "type": "Feature", "properties": { "location_id": "RWS01_MONIBAS_0100vwq0301ra", "location_name": "0100vwq0301ra", "network_source": "Rijkswaterstaat (national highway)", "observed": true }, "geometry": { "type": "Point", "coordinates": [ 4.864810001204268, 52.414570004166663 ] } },
{ "type": "Feature", "properties": { "location_id": "RWS01_MONIBAS_0100vwq0302ra", "location_name": "0100vwq0302ra", "network_source": "Rijkswaterstaat (national highway)", "observed": true }, "geometry": { "type": "Point", "coordinates": [ 4.865580001205075, 52.415371004167106 ] } },
{ "type": "Feature", "properties": { "location_id": "RWS01_MONIBAS_0100vwq0303ra", "location_name": "0100vwq0303ra", "network_source": "Rijkswaterstaat (national highway)", "observed": true }, "geometry": { "type": "Point", "coordinates": [ 4.866310001205837, 52.41613000416757 ] } },
{ "type": "Feature", "properties": { "location_id": "RWS01_MONIBAS_0100vwq0307ra", "location_name": "0100vwq0307ra", "network_source": "Rijkswaterstaat (national highway)", "observed": true }, "geometry": { "type": "Point", "coordinates": [ 4.869130001208794, 52.419029004169261 ] } },
{ "type": "Feature", "properties": { "location_id": "RWS01_MONIBAS_0100vwq0308ra_1", "location_name": "0100vwq0308ra", "network_source": "Rijkswaterstaat (national highway)", "observed": true }, "geometry": { "type": "Point", "coordinates": [ 4.870220001209928, 52.420029004169848 ] } },
{ "type": "Feature", "properties": { "location_id": "RWS01_MONIBAS_0100vws0163ra", "location_name": "0100vws0163ra", "network_source": "Rijkswaterstaat (national highway)", "observed": true }, "geometry": { "type": "Point", "coordinates": [ 4.907030001242302, 52.328331004115661 ] } },
{ "type": "Feature", "properties": { "location_id": "RWS01_MONIBAS_0100vws0166ra", "location_name": "0100vws0166ra", "network_source": "Rijkswaterstaat (national highway)", "observed": true }, "geometry": { "type": "Point", "coordinates": [ 4.902810001238177, 52.330269004116822 ] } },
{ "type": "Feature", "properties": { "location_id": "RWS01_MONIBAS_0100vws0206ra", "location_name": "0100vws0206ra", "network_source": "Rijkswaterstaat (national highway)", "observed": true }, "geometry": { "type": "Point", "coordinates": [ 4.830840001166671, 52.339001004122146 ] } },
{ "type": "Feature", "properties": { "location_id": "RWS01_MONIBAS_0100vws0212ra", "location_name": "0100vws0212ra", "network_source": "Rijkswaterstaat (national highway)", "observed": true }, "geometry": { "type": "Point", "coordinates": [ 4.839060001174899, 52.33927900412229 ] } },
{ "type": "Feature", "properties": { "location_id": "RWS01_MONIBAS_0100vws0312ra", "location_name": "0100vws0312ra", "network_source": "Rijkswaterstaat (national highway)", "observed": true }, "geometry": { "type": "Point", "coordinates": [ 4.87457000121458, 52.426491004173627 ] } },
{ "type": "Feature", "properties": { "location_id": "RWS01_MONIBAS_0100vws0319ra", "location_name": "0100vws0319ra", "network_source": "Rijkswaterstaat (national highway)", "observed": true }, "geometry": { "type": "Point", "coordinates": [ 4.885010001224927, 52.425041004172726 ] } },
{ "type": "Feature", "properties": { "location_id": "RWS01_MONIBAS_0100vws0322ra", "location_name": "0100vws0322ra", "network_source": "Rijkswaterstaat (national highway)", "observed": true }, "geometry": { "type": "Point", "coordinates": [ 4.889480001229399, 52.425270004172859 ] } },
{ "type": "Feature", "properties": { "location_id": "RWS01_MONIBAS_0100vwt0113ra", "location_name": "0100vwt0113ra", "network_source": "Rijkswaterstaat (national highway)", "observed": true }, "geometry": { "type": "Point", "coordinates": [ 4.963920001300309, 52.352982004130034 ] } },
{ "type": "Feature", "properties": { "location_id": "RWS01_MONIBAS_0100vwt0115ra", "location_name": "0100vwt0115ra", "network_source": "Rijkswaterstaat (national highway)", "observed": true }, "geometry": { "type": "Point", "coordinates": [ 4.961660001297969, 52.351181004128968 ] } },
{ "type": "Feature", "properties": { "location_id": "RWS01_MONIBAS_0100vwt0119ra", "location_name": "0100vwt0119ra", "network_source": "Rijkswaterstaat (national highway)", "observed": false }, "geometry": { "type": "Point", "coordinates": [ 4.96485000130107, 52.349361004127893 ] } },
{ "type": "Feature", "properties": { "location_id": "RWS01_MONIBAS_0101hrl0013ra", "location_name": "0101hrl0013ra", "network_source": "Rijkswaterstaat (national highway)", "observed": true }, "geometry": { "type": "Point", "coordinates": [ 4.904770001244504, 52.422081004170948 ] } },
{ "type": "Feature", "properties": { "location_id": "RWS01_MONIBAS_0101hrl0017ra", "location_name": "0101hrl0017ra", "network_source": "Rijkswaterstaat (national highway)", "observed": true }, "geometry": { "type": "Point", "coordinates": [ 4.909990001249597, 52.419682004169523 ] } },
{ "type": "Feature", "properties": { "location_id": "RWS01_MONIBAS_0101hrl0022ra", "location_name": "0101hrl0022ra", "network_source": "Rijkswaterstaat (national highway)", "observed": true }, "geometry": { "type": "Point", "coordinates": [ 4.915370001254868, 52.417568004168245 ] } },
{ "type": "Feature", "properties": { "location_id": "RWS01_MONIBAS_0101hrl0027ra", "location_name": "0101hrl0027ra", "network_source": "Rijkswaterstaat (national highway)", "observed": true }, "geometry": { "type": "Point", "coordinates": [ 4.921980001261335, 52.414860004166655 ] } },
{ "type": "Feature", "properties": { "location_id": "RWS01_MONIBAS_0101hrl0033ra", "location_name": "0101hrl0033ra", "network_source": "Rijkswaterstaat (national highway)", "observed": true }, "geometry": { "type": "Point", "coordinates": [ 4.928820001268004, 52.411530004164661 ] } },
{ "type": "Feature", "properties": { "location_id": "RWS01_MONIBAS_0101hrl0037ra", "location_name": "0101hrl0037ra", "network_source": "Rijkswaterstaat (national highway)", "observed": true }, "geometry": { "type": "Point", "coordinates": [ 4.932800001271882, 52.409550004163492 ] } },
{ "type": "Feature", "properties": { "location_id": "RWS01_MONIBAS_0101hrl0042ra", "location_name": "0101hrl0042ra", "network_source": "Rijkswaterstaat (national highway)", "observed": true }, "geometry": { "type": "Point", "coordinates": [ 4.939250001278222, 52.407429004162246 ] } },
{ "type": "Feature", "properties": { "location_id": "RWS01_MONIBAS_0101hrl0047ra", "location_name": "0101hrl0047ra", "network_source": "Rijkswaterstaat (national highway)", "observed": true }, "geometry": { "type": "Point", "coordinates": [ 4.946900001285746, 52.405048004160804 ] } },
{ "type": "Feature", "properties": { "location_id": "RWS01_MONIBAS_0101hrl0050ra", "location_name": "0101hrl0050ra", "network_source": "Rijkswaterstaat (national highway)", "observed": true }, "geometry": { "type": "Point", "coordinates": [ 4.949820001288601, 52.403831004160054 ] } },
{ "type": "Feature", "properties": { "location_id": "RWS01_MONIBAS_0101hrl0056ra", "location_name": "0101hrl0056ra", "network_source": "Rijkswaterstaat (national highway)", "observed": true }, "geometry": { "type": "Point", "coordinates": [ 4.956580001295181, 52.400169004157917 ] } },
{ "type": "Feature", "properties": { "location_id": "RWS01_MONIBAS_0101hrl0062ra", "location_name": "0101hrl0062ra", "network_source": "Rijkswaterstaat (national highway)", "observed": true }, "geometry": { "type": "Point", "coordinates": [ 4.961900001300291, 52.395882004155347 ] } },
{ "type": "Feature", "properties": { "location_id": "RWS01_MONIBAS_0101hrl0067ra", "location_name": "0101hrl0067ra", "network_source": "Rijkswaterstaat (national highway)", "observed": true }, "geometry": { "type": "Point", "coordinates": [ 4.965100001303315, 52.392231004153182 ] } },
{ "type": "Feature", "properties": { "location_id": "RWS01_MONIBAS_0101hrl0071ra", "location_name": "0101hrl0071ra", "network_source": "Rijkswaterstaat (national highway)", "observed": true }, "geometry": { "type": "Point", "coordinates": [ 4.967800001305863, 52.389030004151287 ] } },
{ "type": "Feature", "properties": { "location_id": "RWS01_MONIBAS_0101hrl0074ra", "location_name": "0101hrl0074ra", "network_source": "Rijkswaterstaat (national highway)", "observed": true }, "geometry": { "type": "Point", "coordinates": [ 4.970190001308113, 52.38613900414957 ] } },
{ "type": "Feature", "properties": { "location_id": "RWS01_MONIBAS_0101hrl0077ra", "location_name": "0101hrl0077ra", "network_source": "Rijkswaterstaat (national highway)", "observed": true }, "geometry": { "type": "Point", "coordinates": [ 4.971880001309686, 52.383652004148118 ] } },
{ "type": "Feature", "properties": { "location_id": "RWS01_MONIBAS_0101hrl0080ra", "location_name": "0101hrl0080ra", "network_source": "Rijkswaterstaat (national highway)", "observed": true }, "geometry": { "type": "Point", "coordinates": [ 4.973040001310736, 52.381321004146734 ] } },
{ "type": "Feature", "properties": { "location_id": "RWS01_MONIBAS_0101hrl0085ra", "location_name": "0101hrl0085ra", "network_source": "Rijkswaterstaat (national highway)", "observed": true }, "geometry": { "type": "Point", "coordinates": [ 4.97409000131159, 52.377140004144266 ] } },
{ "type": "Feature", "properties": { "location_id": "RWS01_MONIBAS_0101hrl0087ra", "location_name": "0101hrl0087ra", "network_source": "Rijkswaterstaat (national highway)", "observed": true }, "geometry": { "type": "Point", "coordinates": [ 4.974210001311629, 52.375381004143236 ] } },
{ "type": "Feature", "properties": { "location_id": "RWS01_MONIBAS_0101hrl0088ra", "location_name": "0101hrl0088ra", "network_source": "Rijkswaterstaat (national highway)", "observed": true }, "geometry": { "type": "Point", "coordinates": [ 4.974200001311542, 52.373741004142246 ] } },
{ "type": "Feature", "properties": { "location_id": "RWS01_MONIBAS_0101hrl0090ra", "location_name": "0101hrl0090ra", "network_source": "Rijkswaterstaat (national highway)", "observed": true }, "geometry": { "type": "Point", "coordinates": [ 4.974040001311328, 52.372608004141583 ] } },
{ "type": "Feature", "properties": { "location_id": "RWS01_MONIBAS_0101hrl0092ra", "location_name": "0101hrl0092ra", "network_source": "Rijkswaterstaat (national highway)", "observed": true }, "geometry": { "type": "Point", "coordinates": [ 4.973630001310847, 52.371021004140644 ] } },
{ "type": "Feature", "properties": { "location_id": "RWS01_MONIBAS_0101hrl0094ra", "location_name": "0101hrl0094ra", "network_source": "Rijkswaterstaat (national highway)", "observed": true }, "geometry": { "type": "Point", "coordinates": [ 4.973090001310221, 52.369148004139561 ] } },
{ "type": "Feature", "properties": { "location_id": "RWS01_MONIBAS_0101hrl0097ra", "location_name": "0101hrl0097ra", "network_source": "Rijkswaterstaat (national highway)", "observed": true }, "geometry": { "type": "Point", "coordinates": [ 4.971420001308399, 52.365780004137555 ] } },
{ "type": "Feature", "properties": { "location_id": "RWS01_MONIBAS_0101hrl0101ra", "location_name": "0101hrl0101ra", "network_source": "Rijkswaterstaat (national highway)", "observed": true }, "geometry": { "type": "Point", "coordinates": [ 4.969860001306704, 52.36286900413586 ] } },
{ "type": "Feature", "properties": { "location_id": "RWS01_MONIBAS_0101hrl0105ra", "location_name": "0101hrl0105ra", "network_source": "Rijkswaterstaat (national highway)", "observed": true }, "geometry": { "type": "Point", "coordinates": [ 4.967930001304614, 52.359409004133795 ] } },
{ "type": "Feature", "properties": { "location_id": "RWS01_MONIBAS_0101hrl0109ra", "location_name": "0101hrl0109ra", "network_source": "Rijkswaterstaat (national highway)", "observed": true }, "geometry": { "type": "Point", "coordinates": [ 4.966150001302693, 52.356300004131974 ] } },
{ "type": "Feature", "properties": { "location_id": "RWS01_MONIBAS_0101hrl0112ra_1", "location_name": "0101hrl0112ra", "network_source": "Rijkswaterstaat (national highway)", "observed": true }, "geometry": { "type": "Point", "coordinates": [ 4.964430001300837, 52.353340004130267 ] } },
{ "type": "Feature", "properties": { "location_id": "RWS01_MONIBAS_0101hrl0115ra", "location_name": "0101hrl0115ra", "network_source": "Rijkswaterstaat (national highway)", "observed": true }, "geometry": { "type": "Point", "coordinates": [ 4.962730001299027, 52.350960004128808 ] } },
{ "type": "Feature", "properties": { "location_id": "RWS01_MONIBAS_0101hrl0120ra", "location_name": "0101hrl0120ra", "network_source": "Rijkswaterstaat (national highway)", "observed": true }, "geometry": { "type": "Point", "coordinates": [ 4.95865000129475, 52.346680004126291 ] } },
{ "type": "Feature", "properties": { "location_id": "RWS01_MONIBAS_0101hrl0124ra", "location_name": "0101hrl0124ra", "network_source": "Rijkswaterstaat (national highway)", "observed": true }, "geometry": { "type": "Point", "coordinates": [ 4.955760001291723, 52.343658004124556 ] } },
{ "type": "Feature", "properties": { "location_id": "RWS01_MONIBAS_0101hrl0129ra", "location_name": "0101hrl0129ra", "network_source": "Rijkswaterstaat (national highway)", "observed": true }, "geometry": { "type": "Point", "coordinates": [ 4.951440001287229, 52.339859004122317 ] } },
{ "type": "Feature", "properties": { "location_id": "RWS01_MONIBAS_0101hrl0131ra", "location_name": "0101hrl0131ra", "network_source": "Rijkswaterstaat (national highway)", "observed": true }, "geometry": { "type": "Point", "coordinates": [ 4.949510001285258, 52.338970004121819 ] } },
{ "type": "Feature", "properties": { "location_id": "RWS01_MONIBAS_0101hrl0135ra", "location_name": "0101hrl0135ra", "network_source": "Rijkswaterstaat (national highway)", "observed": true }, "geometry": { "type": "Point", "coordinates": [ 4.944310001279994, 52.337540004120974 ] } },
{ "type": "Feature", "properties": { "location_id": "RWS01_MONIBAS_0101hrl0138ra", "location_name": "0101hrl0138ra", "network_source": "Rijkswaterstaat (national highway)", "observed": true }, "geometry": { "type": "Point", "coordinates": [ 4.939660001275283, 52.33618200412019 ] } },
{ "type": "Feature", "properties": { "location_id": "RWS01_MONIBAS_0101hrl0140ra", "location_name": "0101hrl0140ra", "network_source": "Rijkswaterstaat (national highway)", "observed": true }, "geometry": { "type": "Point", "coordinates": [ 4.938100001273694, 52.335541004119804 ] } },
{ "type": "Feature", "properties": { "location_id": "RWS01_MONIBAS_0101hrl0170ra", "location_name": "0101hrl0170ra", "network_source": "Rijkswaterstaat (national highway)", "observed": true }, "geometry": { "type": "Point", "coordinates": [ 4.89887000123433, 52.332230004117989 ] } },
{ "type": "Feature", "properties": { "location_id": "RWS01_MONIBAS_0101hrl0175ra", "location_name": "0101hrl0175ra", "network_source": "Rijkswaterstaat (national highway)", "observed": true }, "geometry": { "type": "Point", "coordinates": [ 4.892510001228123, 52.335369004119883 ] } },
{ "type": "Feature", "properties": { "location_id": "RWS01_MONIBAS_0101hrl0181ra", "location_name": "0101hrl0181ra", "network_source": "Rijkswaterstaat (national highway)", "observed": true }, "geometry": { "type": "Point", "coordinates": [ 4.886180001221928, 52.338058004121521 ] } },
{ "type": "Feature", "properties": { "location_id": "RWS01_MONIBAS_0101hrl0186ra", "location_name": "0101hrl0186ra", "network_source": "Rijkswaterstaat (national highway)", "observed": true }, "geometry": { "type": "Point", "coordinates": [ 4.877780001213557, 52.338589004121793 ] } },
{ "type": "Feature", "properties": { "location_id": "RWS01_MONIBAS_0101hrl0191ra", "location_name": "0101hrl0191ra", "network_source": "Rijkswaterstaat (national highway)", "observed": true }, "geometry": { "type": "Point", "coordinates": [ 4.871250001207027, 52.338440004121729 ] } },
{ "type": "Feature", "properties": { "location_id": "RWS01_MONIBAS_0101hrl0197ra", "location_name": "0101hrl0197ra", "network_source": "Rijkswaterstaat (national highway)", "observed": true }, "geometry": { "type": "Point", "coordinates": [ 4.862940001198703, 52.33805100412151 ] } },
{ "type": "Feature", "properties": { "location_id": "RWS01_MONIBAS_0101hrl0201ra", "location_name": "0101hrl0201ra", "network_source": "Rijkswaterstaat (national highway)", "observed": true }, "geometry": { "type": "Point", "coordinates": [ 4.856230001191979, 52.337688004121325 ] } },
{ "type": "Feature", "properties": { "location_id": "RWS01_MONIBAS_0101hrl0205ra", "location_name": "0101hrl0205ra", "network_source": "Rijkswaterstaat (national highway)", "observed": true }, "geometry": { "type": "Point", "coordinates": [ 4.851240001186981, 52.337429004121191 ] } },
{ "type": "Feature", "properties": { "location_id": "RWS01_MONIBAS_0101hrl0208ra", "location_name": "0101hrl0208ra", "network_source": "Rijkswaterstaat (national highway)", "observed": true }, "geometry": { "type": "Point", "coordinates": [ 4.846540001182273, 52.337189004121079 ] } },
{ "type": "Feature", "properties": { "location_id": "RWS01_MONIBAS_0101hrl0212ra", "location_name": "0101hrl0212ra", "network_source": "Rijkswaterstaat (national highway)", "observed": true }, "geometry": { "type": "Point", "coordinates": [ 4.841570001177373, 52.338612004121892 ] } },
{ "type": "Feature", "properties": { "location_id": "RWS01_MONIBAS_0101hrl0214ra", "location_name": "0101hrl0214ra", "network_source": "Rijkswaterstaat (national highway)", "observed": true }, "geometry": { "type": "Point", "coordinates": [ 4.840930001176865, 52.341282004123514 ] } },
{ "type": "Feature", "properties": { "location_id": "RWS01_MONIBAS_0101hrl0218ra", "location_name": "0101hrl0218ra", "network_source": "Rijkswaterstaat (national highway)", "observed": true }, "geometry": { "type": "Point", "coordinates": [ 4.840880001176968, 52.344440004125367 ] } },
{ "type": "Feature", "properties": { "location_id": "RWS01_MONIBAS_0101hrl0218rb", "location_name": "0101hrl0218rb", "network_source": "Rijkswaterstaat (national highway)", "observed": true }, "geometry": { "type": "Point", "coordinates": [ 4.840880001176968, 52.344440004125367 ] } },
{ "type": "Feature", "properties": { "location_id": "RWS01_MONIBAS_0101hrl0221ra_1", "location_name": "0101hrl0221ra", "network_source": "Rijkswaterstaat (national highway)", "observed": true }, "geometry": { "type": "Point", "coordinates": [ 4.840880001177088, 52.346909004126864 ] } },
{ "type": "Feature", "properties": { "location_id": "RWS01_MONIBAS_0101hrl0221rb_1", "location_name": "0101hrl0221rb", "network_source": "Rijkswaterstaat (national highway)", "observed": true }, "geometry": { "type": "Point", "coordinates": [ 4.840880001177088, 52.346909004126864 ] } },
{ "type": "Feature", "properties": { "location_id": "RWS01_MONIBAS_0101hrl0222ra", "location_name": "0101hrl0222ra", "network_source": "Rijkswaterstaat (national highway)", "observed": true }, "geometry": { "type": "Point", "coordinates": [ 4.841150001177422, 52.348251004127619 ] } },
{ "type": "Feature", "properties": { "location_id": "RWS01_MONIBAS_0101hrl0222rb", "location_name": "0101hrl0222rb", "network_source": "Rijkswaterstaat (national highway)", "observed": true }, "geometry": { "type": "Point", "coordinates": [ 4.841150001177422, 52.348251004127619 ] } },
{ "type": "Feature", "properties": { "location_id": "RWS01_MONIBAS_0101hrl0225ra", "location_name": "0101hrl0225ra", "network_source": "Rijkswaterstaat (national highway)", "observed": true }, "geometry": { "type": "Point", "coordinates": [ 4.842260001178659, 52.350861004129186 ] } },
{ "type": "Feature", "properties": { "location_id": "RWS01_MONIBAS_0101hrl0228ra", "location_name": "0101hrl0228ra", "network_source": "Rijkswaterstaat (national highway)", "observed": true }, "geometry": { "type": "Point", "coordinates": [ 4.842480001179006, 52.353512004130728 ] } },
{ "type": "Feature", "properties": { "location_id": "RWS01_MONIBAS_0101hrl0233ra", "location_name": "0101hrl0233ra", "network_source": "Rijkswaterstaat (national highway)", "observed": true }, "geometry": { "type": "Point", "coordinates": [ 4.84238000117913, 52.358028004133409 ] } },
{ "type": "Feature", "properties": { "location_id": "RWS01_MONIBAS_0101hrl0239ra", "location_name": "0101hrl0239ra", "network_source": "Rijkswaterstaat (national highway)", "observed": true }, "geometry": { "type": "Point", "coordinates": [ 4.842210001179195, 52.362930004136317 ] } },
{ "type": "Feature", "properties": { "location_id": "RWS01_MONIBAS_0101hrl0242ra", "location_name": "0101hrl0242ra", "network_source": "Rijkswaterstaat (national highway)", "observed": true }, "geometry": { "type": "Point", "coordinates": [ 4.842130001179251, 52.36571100413795 ] } },
{ "type": "Feature", "properties": { "location_id": "RWS01_MONIBAS_0101hrl0247ra", "location_name": "0101hrl0247ra", "network_source": "Rijkswaterstaat (national highway)", "observed": true }, "geometry": { "type": "Point", "coordinates": [ 4.842020001179371, 52.370461004140758 ] } },
{ "type": "Feature", "properties": { "location_id": "RWS01_MONIBAS_0101hrl0253ra", "location_name": "0101hrl0253ra", "network_source": "Rijkswaterstaat (national highway)", "observed": true }, "geometry": { "type": "Point", "coordinates": [ 4.843110001180727, 52.375900004143972 ] } },
{ "type": "Feature", "properties": { "location_id": "RWS01_MONIBAS_0101hrl0257ra", "location_name": "0101hrl0257ra", "network_source": "Rijkswaterstaat (national highway)", "observed": true }, "geometry": { "type": "Point", "coordinates": [ 4.844480001182264, 52.379421004146039 ] } },
{ "type": "Feature", "properties": { "location_id": "RWS01_MONIBAS_0101hrl0261ra", "location_name": "0101hrl0261ra", "network_source": "Rijkswaterstaat (national highway)", "observed": true }, "geometry": { "type": "Point", "coordinates": [ 4.844550001182522, 52.383209004148256 ] } },
{ "type": "Feature", "properties": { "location_id": "RWS01_MONIBAS_0101hrl0267ra", "location_name": "0101hrl0267ra", "network_source": "Rijkswaterstaat (national highway)", "observed": true }, "geometry": { "type": "Point", "coordinates": [ 4.844290001182497, 52.388062004151102 ] } },
{ "type": "Feature", "properties": { "location_id": "RWS01_MONIBAS_0101hrl0271ra", "location_name": "0101hrl0271ra", "network_source": "Rijkswaterstaat (national highway)", "observed": true }, "geometry": { "type": "Point", "coordinates": [ 4.843990001182397, 52.392189004153551 ] } },
{ "type": "Feature", "properties": { "location_id": "RWS01_MONIBAS_0101hrl0277ra", "location_name": "0101hrl0277ra", "network_source": "Rijkswaterstaat (national highway)", "observed": true }, "geometry": { "type": "Point", "coordinates": [ 4.844670001183315, 52.397110004156445 ] } },
{ "type": "Feature", "properties": { "location_id": "RWS01_MONIBAS_0101hrl0281ra", "location_name": "0101hrl0281ra", "network_source": "Rijkswaterstaat (national highway)", "observed": true }, "geometry": { "type": "Point", "coordinates": [ 4.847640001186426, 52.400139004158241 ] } },
{ "type": "Feature", "properties": { "location_id": "RWS01_MONIBAS_0101hrl0285ra", "location_name": "0101hrl0285ra", "network_source": "Rijkswaterstaat (national highway)", "observed": true }, "geometry": { "type": "Point", "coordinates": [ 4.851270001190196, 52.403099004159927 ] } },
{ "type": "Feature", "properties": { "location_id": "RWS01_MONIBAS_0101hrl0285rb", "location_name": "0101hrl0285rb", "network_source": "Rijkswaterstaat (national highway)", "observed": true }, "geometry": { "type": "Point", "coordinates": [ 4.851270001190196, 52.403099004159927 ] } },
{ "type": "Feature", "properties": { "location_id": "RWS01_MONIBAS_0101hrl0287ra", "location_name": "0101hrl0287ra", "network_source": "Rijkswaterstaat (national highway)", "observed": true }, "geometry": { "type": "Point", "coordinates": [ 4.853230001192229, 52.404671004160882 ] } },
{ "type": "Feature", "properties": { "location_id": "RWS01_MONIBAS_0101hrl0290ra", "location_name": "0101hrl0290ra", "network_source": "Rijkswaterstaat (national highway)", "observed": true }, "geometry": { "type": "Point", "coordinates": [ 4.855840001194925, 52.40655900416197 ] } },
{ "type": "Feature", "properties": { "location_id": "RWS01_MONIBAS_0101hrl0293ra", "location_name": "0101hrl0293ra", "network_source": "Rijkswaterstaat (national highway)", "observed": true }, "geometry": { "type": "Point", "coordinates": [ 4.858780001197974, 52.408909004163363 ] } },
{ "type": "Feature", "properties": { "location_id": "RWS01_MONIBAS_0101hrl0296ra", "location_name": "0101hrl0296ra", "network_source": "Rijkswaterstaat (national highway)", "observed": true }, "geometry": { "type": "Point", "coordinates": [ 4.861060001200353, 52.411079004164606 ] } },
{ "type": "Feature", "properties": { "location_id": "RWS01_MONIBAS_0101hrl0297ra", "location_name": "0101hrl0297ra", "network_source": "Rijkswaterstaat (national highway)", "observed": true }, "geometry": { "type": "Point", "coordinates": [ 4.862250001201602, 52.412331004165345 ] } },
{ "type": "Feature", "properties": { "location_id": "RWS01_MONIBAS_0101hrl0299ra", "location_name": "0101hrl0299ra", "network_source": "Rijkswaterstaat (national highway)", "observed": true }, "geometry": { "type": "Point", "coordinates": [ 4.863170001202569, 52.413311004165905 ] } },
{ "type": "Feature", "properties": { "location_id": "RWS01_MONIBAS_0101hrl0300ra", "location_name": "0101hrl0300ra", "network_source": "Rijkswaterstaat (national highway)", "observed": true }, "geometry": { "type": "Point", "coordinates": [ 4.864370001203828, 52.414619004166681 ] } },
{ "type": "Feature", "properties": { "location_id": "RWS01_MONIBAS_0101hrl0300rb", "location_name": "0101hrl0300rb", "network_source": "Rijkswaterstaat (national highway)", "observed": true }, "geometry": { "type": "Point", "coordinates": [ 4.863740001203166, 52.413940004166278 ] } },
{ "type": "Feature", "properties": { "location_id": "RWS01_MONIBAS_0101hrl0302ra", "location_name": "0101hrl0302ra", "network_source": "Rijkswaterstaat (national highway)", "observed": true }, "geometry": { "type": "Point", "coordinates": [ 4.865530001205044, 52.4158400041674 ] } },
{ "type": "Feature", "properties": { "location_id": "RWS01_MONIBAS_0101hrl0304ra_1", "location_name": "0101hrl0304ra", "network_source": "Rijkswaterstaat (national highway)", "observed": true }, "geometry": { "type": "Point", "coordinates": [ 4.866780001206354, 52.417099004168115 ] } },
{ "type": "Feature", "properties": { "location_id": "RWS01_MONIBAS_0101hrl0307ra", "location_name": "0101hrl0307ra", "network_source": "Rijkswaterstaat (national highway)", "observed": true }, "geometry": { "type": "Point", "coordinates": [ 4.869010001208691, 52.419418004169458 ] } },
{ "type": "Feature", "properties": { "location_id": "RWS01_MONIBAS_0101hrl0308ra", "location_name": "0101hrl0308ra", "network_source": "Rijkswaterstaat (national highway)", "observed": true }, "geometry": { "type": "Point", "coordinates": [ 4.870440001210175, 52.420609004170174 ] } },
{ "type": "Feature", "properties": { "location_id": "RWS01_MONIBAS_0101hrl0312ra", "location_name": "0101hrl0312ra", "network_source": "Rijkswaterstaat (national highway)", "observed": true }, "geometry": { "type": "Point", "coordinates": [ 4.874920001214754, 52.422798004171469 ] } },
{ "type": "Feature", "properties": { "location_id": "RWS01_MONIBAS_0101hrl0314ra", "location_name": "0101hrl0314ra", "network_source": "Rijkswaterstaat (national highway)", "observed": true }, "geometry": { "type": "Point", "coordinates": [ 4.877310001217167, 52.42340900417183 ] } },
{ "type": "Feature", "properties": { "location_id": "RWS01_MONIBAS_0101hrl0319ra", "location_name": "0101hrl0319ra", "network_source": "Rijkswaterstaat (national highway)", "observed": true }, "geometry": { "type": "Point", "coordinates": [ 4.885060001224973, 52.424911004172685 ] } },
{ "type": "Feature", "properties": { "location_id": "RWS01_MONIBAS_0101hrr0019ra", "location_name": "0101hrr0019ra", "network_source": "Rijkswaterstaat (national highway)", "observed": true }, "geometry": { "type": "Point", "coordinates": [ 4.911720001251277, 52.418690004168923 ] } },
{ "type": "Feature", "properties": { "location_id": "RWS01_MONIBAS_0101hrr0025ra", "location_name": "0101hrr0025ra", "network_source": "Rijkswaterstaat (national highway)", "observed": true }, "geometry": { "type": "Point", "coordinates": [ 4.91924000125865, 52.415859004167267 ] } },
{ "type": "Feature", "properties": { "location_id": "RWS01_MONIBAS_0101hrr0032ra", "location_name": "0101hrr0032ra", "network_source": "Rijkswaterstaat (national highway)", "observed": true }, "geometry": { "type": "Point", "coordinates": [ 4.926990001266212, 52.412231004165086 ] } },
{ "type": "Feature", "properties": { "location_id": "RWS01_MONIBAS_0101hrr0037ra", "location_name": "0101hrr0037ra", "network_source": "Rijkswaterstaat (national highway)", "observed": true }, "geometry": { "type": "Point", "coordinates": [ 4.932630001271703, 52.409401004163371 ] } },
{ "type": "Feature", "properties": { "location_id": "RWS01_MONIBAS_0101hrr0042ra", "location_name": "0101hrr0042ra", "network_source": "Rijkswaterstaat (national highway)", "observed": true }, "geometry": { "type": "Point", "coordinates": [ 4.939090001278056, 52.407299004162162 ] } },
{ "type": "Feature", "properties": { "location_id": "RWS01_MONIBAS_0101hrr0045ra", "location_name": "0101hrr0045ra", "network_source": "Rijkswaterstaat (national highway)", "observed": true }, "geometry": { "type": "Point", "coordinates": [ 4.943490001282387, 52.406059004161406 ] } },
{ "type": "Feature", "properties": { "location_id": "RWS01_MONIBAS_0101hrr0051ra", "location_name": "0101hrr0051ra", "network_source": "Rijkswaterstaat (national highway)", "observed": true }, "geometry": { "type": "Point", "coordinates": [ 4.951130001289874, 52.40304200415963 ] } },
{ "type": "Feature", "properties": { "location_id": "RWS01_MONIBAS_0101hrr0057ra", "location_name": "0101hrr0057ra", "network_source": "Rijkswaterstaat (national highway)", "observed": true }, "geometry": { "type": "Point", "coordinates": [ 4.957600001296156, 52.399250004157366 ] } },
{ "type": "Feature", "properties": { "location_id": "RWS01_MONIBAS_0101hrr0063ra", "location_name": "0101hrr0063ra", "network_source": "Rijkswaterstaat (national highway)", "observed": true }, "geometry": { "type": "Point", "coordinates": [ 4.962590001300929, 52.394821004154728 ] } },
{ "type": "Feature", "properties": { "location_id": "RWS01_MONIBAS_0101hrr0067ra", "location_name": "0101hrr0067ra", "network_source": "Rijkswaterstaat (national highway)", "observed": true }, "geometry": { "type": "Point", "coordinates": [ 4.965460001303638, 52.391449004152754 ] } },
{ "type": "Feature", "properties": { "location_id": "RWS01_MONIBAS_0101hrr0069ra", "location_name": "0101hrr0069ra", "network_source": "Rijkswaterstaat (national highway)", "observed": true }, "geometry": { "type": "Point", "coordinates": [ 4.966670001304784, 52.390072004151904 ] } },
{ "type": "Feature", "properties": { "location_id": "RWS01_MONIBAS_0101hrr0072ra", "location_name": "0101hrr0072ra", "network_source": "Rijkswaterstaat (national highway)", "observed": true }, "geometry": { "type": "Point", "coordinates": [ 4.968350001306367, 52.388088004150717 ] } },
{ "type": "Feature", "properties": { "location_id": "RWS01_MONIBAS_0101hrr0074ra", "location_name": "0101hrr0074ra", "network_source": "Rijkswaterstaat (national highway)", "observed": true }, "geometry": { "type": "Point", "coordinates": [ 4.969990001307911, 52.386089004149532 ] } },
{ "type": "Feature", "properties": { "location_id": "RWS01_MONIBAS_0101hrr0078ra", "location_name": "0101hrr0078ra", "network_source": "Rijkswaterstaat (national highway)", "observed": true }, "geometry": { "type": "Point", "coordinates": [ 4.971880001309669, 52.383270004147917 ] } },
{ "type": "Feature", "properties": { "location_id": "RWS01_MONIBAS_0101hrr0080ra", "location_name": "0101hrr0080ra", "network_source": "Rijkswaterstaat (national highway)", "observed": true }, "geometry": { "type": "Point", "coordinates": [ 4.972750001310447, 52.381359004146738 ] } },
{ "type": "Feature", "properties": { "location_id": "RWS01_MONIBAS_0101hrr0085ra", "location_name": "0101hrr0085ra", "network_source": "Rijkswaterstaat (national highway)", "observed": true }, "geometry": { "type": "Point", "coordinates": [ 4.973900001311399, 52.377102004144263 ] } },
{ "type": "Feature", "properties": { "location_id": "RWS01_MONIBAS_0101hrr0086ra", "location_name": "0101hrr0086ra", "network_source": "Rijkswaterstaat (national highway)", "observed": true }, "geometry": { "type": "Point", "coordinates": [ 4.974000001311457, 52.376209004143753 ] } },
{ "type": "Feature", "properties": { "location_id": "RWS01_MONIBAS_0101hrr0087ra", "location_name": "0101hrr0087ra", "network_source": "Rijkswaterstaat (national highway)", "observed": true }, "geometry": { "type": "Point", "coordinates": [ 4.97405000131144, 52.374771004142858 ] } },
{ "type": "Feature", "properties": { "location_id": "RWS01_MONIBAS_0101hrr0088ra", "location_name": "0101hrr0088ra", "network_source": "Rijkswaterstaat (national highway)", "observed": true }, "geometry": { "type": "Point", "coordinates": [ 4.974010001311347, 52.373600004142155 ] } },
{ "type": "Feature", "properties": { "location_id": "RWS01_MONIBAS_0101hrr0090ra", "location_name": "0101hrr0090ra", "network_source": "Rijkswaterstaat (national highway)", "observed": true }, "geometry": { "type": "Point", "coordinates": [ 4.973850001311133, 52.372440004141552 ] } },
{ "type": "Feature", "properties": { "location_id": "RWS01_MONIBAS_0101hrr0092ra", "location_name": "0101hrr0092ra", "network_source": "Rijkswaterstaat (national highway)", "observed": true }, "geometry": { "type": "Point", "coordinates": [ 4.973430001310637, 52.370838004140573 ] } },
{ "type": "Feature", "properties": { "location_id": "RWS01_MONIBAS_0101hrr0093ra", "location_name": "0101hrr0093ra", "network_source": "Rijkswaterstaat (national highway)", "observed": true }, "geometry": { "type": "Point", "coordinates": [ 4.972920001310058, 52.369320004139631 ] } },
{ "type": "Feature", "properties": { "location_id": "RWS01_MONIBAS_0101hrr0097ra", "location_name": "0101hrr0097ra", "network_source": "Rijkswaterstaat (national highway)", "observed": true }, "geometry": { "type": "Point", "coordinates": [ 4.971220001308197, 52.365822004137591 ] } },
{ "type": "Feature", "properties": { "location_id": "RWS01_MONIBAS_0101hrr0103ra", "location_name": "0101hrr0103ra", "network_source": "Rijkswaterstaat (national highway)", "observed": true }, "geometry": { "type": "Point", "coordinates": [ 4.968800001305576, 52.361420004135041 ] } },
{ "type": "Feature", "properties": { "location_id": "RWS01_MONIBAS_0101hrr0109ra_1", "location_name": "0101hrr0109ra", "network_source": "Rijkswaterstaat (national highway)", "observed": true }, "geometry": { "type": "Point", "coordinates": [ 4.965920001302465, 52.356350004132018 ] } },
{ "type": "Feature", "properties": { "location_id": "RWS01_MONIBAS_0101hrr0110ra", "location_name": "0101hrr0110ra", "network_source": "Rijkswaterstaat (national highway)", "observed": true }, "geometry": { "type": "Point", "coordinates": [ 4.965220001301708, 52.355129004131285 ] } },
{ "type": "Feature", "properties": { "location_id": "RWS01_MONIBAS_0101hrr0113ra", "location_name": "0101hrr0113ra", "network_source": "Rijkswaterstaat (national highway)", "observed": true }, "geometry": { "type": "Point", "coordinates": [ 4.963950001300338, 52.352970004130036 ] } },
{ "type": "Feature", "properties": { "location_id": "RWS01_MONIBAS_0101hrr0118ra", "location_name": "0101hrr0118ra", "network_source": "Rijkswaterstaat (national highway)", "observed": true }, "geometry": { "type": "Point", "coordinates": [ 4.960680001296885, 52.348949004127661 ] } },
{ "type": "Feature", "properties": { "location_id": "RWS01_MONIBAS_0101hrr0123ra", "location_name": "0101hrr0123ra", "network_source": "Rijkswaterstaat (national highway)", "observed": true }, "geometry": { "type": "Point", "coordinates": [ 4.956670001292693, 52.344971004125327 ] } },
{ "type": "Feature", "properties": { "location_id": "RWS01_MONIBAS_0101hrr0127ra", "location_name": "0101hrr0127ra", "network_source": "Rijkswaterstaat (national highway)", "observed": true }, "geometry": { "type": "Point", "coordinates": [ 4.953210001289064, 52.341331004123198 ] } },
{ "type": "Feature", "properties": { "location_id": "RWS01_MONIBAS_0101hrr0129ra", "location_name": "0101hrr0129ra", "network_source": "Rijkswaterstaat (national highway)", "observed": true }, "geometry": { "type": "Point", "coordinates": [ 4.951280001287075, 52.339989004122387 ] } },
{ "type": "Feature", "properties": { "location_id": "RWS01_MONIBAS_0101hrr0133ra", "location_name": "0101hrr0133ra", "network_source": "Rijkswaterstaat (national highway)", "observed": true }, "geometry": { "type": "Point", "coordinates": [ 4.946280001281991, 52.33818100412136 ] } },
{ "type": "Feature", "properties": { "location_id": "RWS01_MONIBAS_0101hrr0135ra", "location_name": "0101hrr0135ra", "network_source": "Rijkswaterstaat (national highway)", "observed": true }, "geometry": { "type": "Point", "coordinates": [ 4.943590001279276, 52.337551004121018 ] } },
{ "type": "Feature", "properties": { "location_id": "RWS01_MONIBAS_0101hrr0138ra", "location_name": "0101hrr0138ra", "network_source": "Rijkswaterstaat (national highway)", "observed": true }, "geometry": { "type": "Point", "coordinates": [ 4.939720001275353, 52.336391004120308 ] } },
{ "type": "Feature", "properties": { "location_id": "RWS01_MONIBAS_0101hrr0141ra", "location_name": "0101hrr0141ra", "network_source": "Rijkswaterstaat (national highway)", "observed": true }, "geometry": { "type": "Point", "coordinates": [ 4.935810001271374, 52.334888004119449 ] } },
{ "type": "Feature", "properties": { "location_id": "RWS01_MONIBAS_0101hrr0144ra", "location_name": "0101hrr0144ra", "network_source": "Rijkswaterstaat (national highway)", "observed": true }, "geometry": { "type": "Point", "coordinates": [ 4.932920001268439, 52.333900004118838 ] } },
{ "type": "Feature", "properties": { "location_id": "RWS01_MONIBAS_0101hrr0169ra", "location_name": "0101hrr0169ra", "network_source": "Rijkswaterstaat (national highway)", "observed": true }, "geometry": { "type": "Point", "coordinates": [ 4.900600001236062, 52.332291004117984 ] } },
{ "type": "Feature", "properties": { "location_id": "RWS01_MONIBAS_0101hrr0171ra", "location_name": "0101hrr0171ra", "network_source": "Rijkswaterstaat (national highway)", "observed": true }, "geometry": { "type": "Point", "coordinates": [ 4.89761000123315, 52.333870004118957 ] } },
{ "type": "Feature", "properties": { "location_id": "RWS01_MONIBAS_0101hrr0175ra", "location_name": "0101hrr0175ra", "network_source": "Rijkswaterstaat (national highway)", "observed": true }, "geometry": { "type": "Point", "coordinates": [ 4.893300001228952, 52.336151004120346 ] } },
{ "type": "Feature", "properties": { "location_id": "RWS01_MONIBAS_0101hrr0180ra", "location_name": "0101hrr0180ra", "network_source": "Rijkswaterstaat (national highway)", "observed": true }, "geometry": { "type": "Point", "coordinates": [ 4.888170001223945, 52.338711004121855 ] } },
{ "type": "Feature", "properties": { "location_id": "RWS01_MONIBAS_0101hrr0185ra", "location_name": "0101hrr0185ra", "network_source": "Rijkswaterstaat (national highway)", "observed": true }, "geometry": { "type": "Point", "coordinates": [ 4.880900001216729, 52.339710004122459 ] } },
{ "type": "Feature", "properties": { "location_id": "RWS01_MONIBAS_0101hrr0189ra", "location_name": "0101hrr0189ra", "network_source": "Rijkswaterstaat (national highway)", "observed": true }, "geometry": { "type": "Point", "coordinates": [ 4.874290001210115, 52.33951200412239 ] } },
{ "type": "Feature", "properties": { "location_id": "RWS01_MONIBAS_0101hrr0194ra", "location_name": "0101hrr0194ra", "network_source": "Rijkswaterstaat (national highway)", "observed": true }, "geometry": { "type": "Point", "coordinates": [ 4.867290001203104, 52.339191004122206 ] } },
{ "type": "Feature", "properties": { "location_id": "RWS01_MONIBAS_0101hrr0197ra", "location_name": "0101hrr0197ra", "network_source": "Rijkswaterstaat (national highway)", "observed": true }, "geometry": { "type": "Point", "coordinates": [ 4.862140001197944, 52.338921004122057 ] } },
{ "type": "Feature", "properties": { "location_id": "RWS01_MONIBAS_0101hrr0203ra", "location_name": "0101hrr0203ra", "network_source": "Rijkswaterstaat (national highway)", "observed": true }, "geometry": { "type": "Point", "coordinates": [ 4.854540001190331, 52.338539004121863 ] } },
{ "type": "Feature", "properties": { "location_id": "RWS01_MONIBAS_0101hrr0205ra", "location_name": "0101hrr0205ra", "network_source": "Rijkswaterstaat (national highway)", "observed": true }, "geometry": { "type": "Point", "coordinates": [ 4.850370001186154, 52.338322004121721 ] } },
{ "type": "Feature", "properties": { "location_id": "RWS01_MONIBAS_0101hrr0209ra", "location_name": "0101hrr0209ra", "network_source": "Rijkswaterstaat (national highway)", "observed": true }, "geometry": { "type": "Point", "coordinates": [ 4.844560001180334, 52.338070004121569 ] } },
{ "type": "Feature", "properties": { "location_id": "RWS01_MONIBAS_0101hrr0215ra", "location_name": "0101hrr0215ra", "network_source": "Rijkswaterstaat (national highway)", "observed": true }, "geometry": { "type": "Point", "coordinates": [ 4.841420001177394, 52.342060004123965 ] } },
{ "type": "Feature", "properties": { "location_id": "RWS01_MONIBAS_0101hrr0219ra", "location_name": "0101hrr0219ra", "network_source": "Rijkswaterstaat (national highway)", "observed": true }, "geometry": { "type": "Point", "coordinates": [ 4.841110001177251, 52.34553900412601 ] } },
{ "type": "Feature", "properties": { "location_id": "RWS01_MONIBAS_0101hrr0225ra_1", "location_name": "0101hrr0225ra", "network_source": "Rijkswaterstaat (national highway)", "observed": true }, "geometry": { "type": "Point", "coordinates": [ 4.842510001178907, 52.350819004129136 ] } },
{ "type": "Feature", "properties": { "location_id": "RWS01_MONIBAS_0101hrr0229ra", "location_name": "0101hrr0229ra", "network_source": "Rijkswaterstaat (national highway)", "observed": true }, "geometry": { "type": "Point", "coordinates": [ 4.842720001179268, 52.35395800413098 ] } },
{ "type": "Feature", "properties": { "location_id": "RWS01_MONIBAS_0101hrr0233ra", "location_name": "0101hrr0233ra", "network_source": "Rijkswaterstaat (national highway)", "observed": true }, "geometry": { "type": "Point", "coordinates": [ 4.842600001179345, 52.358002004133397 ] } },
{ "type": "Feature", "properties": { "location_id": "RWS01_MONIBAS_0101hrr0239ra", "location_name": "0101hrr0239ra", "network_source": "Rijkswaterstaat (national highway)", "observed": true }, "geometry": { "type": "Point", "coordinates": [ 4.842480001179467, 52.362942004136322 ] } },
{ "type": "Feature", "properties": { "location_id": "RWS01_MONIBAS_0101hrr0244ra", "location_name": "0101hrr0244ra", "network_source": "Rijkswaterstaat (national highway)", "observed": true }, "geometry": { "type": "Point", "coordinates": [ 4.842320001179544, 52.367828004139234 ] } },
{ "type": "Feature", "properties": { "location_id": "RWS01_MONIBAS_0101hrr0244rb", "location_name": "0101hrr0244rb", "network_source": "Rijkswaterstaat (national highway)", "observed": true }, "geometry": { "type": "Point", "coordinates": [ 4.842320001179544, 52.367828004139234 ] } },
{ "type": "Feature", "properties": { "location_id": "RWS01_MONIBAS_0101hrr0249ra", "location_name": "0101hrr0249ra", "network_source": "Rijkswaterstaat (national highway)", "observed": true }, "geometry": { "type": "Point", "coordinates": [ 4.842210001179631, 52.371899004141596 ] } },
{ "type": "Feature", "properties": { "location_id": "RWS01_MONIBAS_0101hrr0253ra", "location_name": "0101hrr0253ra", "network_source": "Rijkswaterstaat (national highway)", "observed": true }, "geometry": { "type": "Point", "coordinates": [ 4.843320001180934, 52.375851004143918 ] } },
{ "type": "Feature", "properties": { "location_id": "RWS01_MONIBAS_0101hrr0258ra", "location_name": "0101hrr0258ra", "network_source": "Rijkswaterstaat (national highway)", "observed": true }, "geometry": { "type": "Point", "coordinates": [ 4.844830001182641, 52.379940004146349 ] } },
{ "type": "Feature", "properties": { "location_id": "RWS01_MONIBAS_0101hrr0261ra", "location_name": "0101hrr0261ra", "network_source": "Rijkswaterstaat (national highway)", "observed": true }, "geometry": { "type": "Point", "coordinates": [ 4.84478000118275, 52.383240004148256 ] } },
{ "type": "Feature", "properties": { "location_id": "RWS01_MONIBAS_0101hrr0264ra", "location_name": "0101hrr0264ra", "network_source": "Rijkswaterstaat (national highway)", "observed": true }, "geometry": { "type": "Point", "coordinates": [ 4.84465000118274, 52.385731004149747 ] } },
{ "type": "Feature", "properties": { "location_id": "RWS01_MONIBAS_0101hrr0267ra", "location_name": "0101hrr0267ra", "network_source": "Rijkswaterstaat (national highway)", "observed": true }, "geometry": { "type": "Point", "coordinates": [ 4.844510001182718, 52.388142004151192 ] } },
{ "type": "Feature", "properties": { "location_id": "RWS01_MONIBAS_0101hrr0271ra", "location_name": "0101hrr0271ra", "network_source": "Rijkswaterstaat (national highway)", "observed": true }, "geometry": { "type": "Point", "coordinates": [ 4.844310001182724, 52.392288004153635 ] } },
{ "type": "Feature", "properties": { "location_id": "RWS01_MONIBAS_0101hrr0276ra", "location_name": "0101hrr0276ra", "network_source": "Rijkswaterstaat (national highway)", "observed": true }, "geometry": { "type": "Point", "coordinates": [ 4.845040001183624, 52.395859004155696 ] } },
{ "type": "Feature", "properties": { "location_id": "RWS01_MONIBAS_0101hrr0279ra", "location_name": "0101hrr0279ra", "network_source": "Rijkswaterstaat (national highway)", "observed": true }, "geometry": { "type": "Point", "coordinates": [ 4.846850001185548, 52.398270004157098 ] } },
{ "type": "Feature", "properties": { "location_id": "RWS01_MONIBAS_0101hrr0281ra", "location_name": "0101hrr0281ra", "network_source": "Rijkswaterstaat (national highway)", "observed": true }, "geometry": { "type": "Point", "coordinates": [ 4.848690001187461, 52.399841004158027 ] } },
{ "type": "Feature", "properties": { "location_id": "RWS01_MONIBAS_0101hrr0285ra", "location_name": "0101hrr0285ra", "network_source": "Rijkswaterstaat (national highway)", "observed": true }, "geometry": { "type": "Point", "coordinates": [ 4.852240001191156, 52.402939004159862 ] } },
{ "type": "Feature", "properties": { "location_id": "RWS01_MONIBAS_0101hrr0287ra", "location_name": "0101hrr0287ra", "network_source": "Rijkswaterstaat (national highway)", "observed": true }, "geometry": { "type": "Point", "coordinates": [ 4.853890001192871, 52.404369004160699 ] } },
{ "type": "Feature", "properties": { "location_id": "RWS01_MONIBAS_0101hrr0290ra", "location_name": "0101hrr0290ra", "network_source": "Rijkswaterstaat (national highway)", "observed": true }, "geometry": { "type": "Point", "coordinates": [ 4.856920001196023, 52.40692900416218 ] } },
{ "type": "Feature", "properties": { "location_id": "RWS01_MONIBAS_0101hrr0294ra", "location_name": "0101hrr0294ra", "network_source": "Rijkswaterstaat (national highway)", "observed": true }, "geometry": { "type": "Point", "coordinates": [ 4.86032000119955, 52.40967900416382 ] } },
{ "type": "Feature", "properties": { "location_id": "RWS01_MONICA_00D00100B85ED007000B", "location_name": "00D00100B85ED007000B", "network_source": "Rijkswaterstaat (national highway)", "observed": true }, "geometry": { "type": "Point", "coordinates": [ 4.964080001300339, 52.350159004128351 ] } },
{ "type": "Feature", "properties": { "location_id": "RWS01_MONICA_00D00100B85ED007000F", "location_name": "00D00100B85ED007000F", "network_source": "Rijkswaterstaat (national highway)", "observed": true }, "geometry": { "type": "Point", "coordinates": [ 4.964080001300339, 52.350159004128351 ] } },
{ "type": "Feature", "properties": { "location_id": "RWS01_MONICA_00D00100D05CD0070007", "location_name": "00D00100D05CD0070007", "network_source": "Rijkswaterstaat (national highway)", "observed": true }, "geometry": { "type": "Point", "coordinates": [ 4.971940001308082, 52.347771004126926 ] } },
{ "type": "Feature", "properties": { "location_id": "RWS01_MONICA_00D00100D05CD007000B", "location_name": "00D00100D05CD007000B", "network_source": "Rijkswaterstaat (national highway)", "observed": true }, "geometry": { "type": "Point", "coordinates": [ 4.971940001308082, 52.347771004126926 ] } },
{ "type": "Feature", "properties": { "location_id": "RWS01_MONICA_00D00100D05CD007000F", "location_name": "00D00100D05CD007000F", "network_source": "Rijkswaterstaat (national highway)", "observed": true }, "geometry": { "type": "Point", "coordinates": [ 4.971940001308082, 52.347771004126926 ] } },
{ "type": "Feature", "properties": { "location_id": "RWS01_MONICA_00D00100D05CD0070013", "location_name": "00D00100D05CD0070013", "network_source": "Rijkswaterstaat (national highway)", "observed": true }, "geometry": { "type": "Point", "coordinates": [ 4.971940001308082, 52.347771004126926 ] } },
{ "type": "Feature", "properties": { "location_id": "RWS01_MONICA_00D00100D05CD0070017", "location_name": "00D00100D05CD0070017", "network_source": "Rijkswaterstaat (national highway)", "observed": true }, "geometry": { "type": "Point", "coordinates": [ 4.971940001308082, 52.347771004126926 ] } },
{ "type": "Feature", "properties": { "location_id": "RWS01_MONICA_00D004001C46D0070007", "location_name": "00D004001C46D0070007", "network_source": "Rijkswaterstaat (national highway)", "observed": true }, "geometry": { "type": "Point", "coordinates": [ 4.834990001170811, 52.338859604122085 ] } },
{ "type": "Feature", "properties": { "location_id": "RWS01_MONICA_00D004001C46D007000B", "location_name": "00D004001C46D007000B", "network_source": "Rijkswaterstaat (national highway)", "observed": true }, "geometry": { "type": "Point", "coordinates": [ 4.834990001170811, 52.338859604122085 ] } },
{ "type": "Feature", "properties": { "location_id": "RWS01_MONICA_00D004001C46D007000F", "location_name": "00D004001C46D007000F", "network_source": "Rijkswaterstaat (national highway)", "observed": true }, "geometry": { "type": "Point", "coordinates": [ 4.834990001170811, 52.338859604122085 ] } },
{ "type": "Feature", "properties": { "location_id": "RWS01_MONICA_00D005018C55D0050005", "location_name": "00D005018C55D0050005", "network_source": "Rijkswaterstaat (national highway)", "observed": true }, "geometry": { "type": "Point", "coordinates": [ 4.75630000109365, 52.368111004139436 ] } },
{ "type": "Feature", "properties": { "location_id": "RWS01_MONICA_00D005018C55D0050009", "location_name": "00D005018C55D0050009", "network_source": "Rijkswaterstaat (national highway)", "observed": true }, "geometry": { "type": "Point", "coordinates": [ 4.75630000109365, 52.368111004139436 ] } },
{ "type": "Feature", "properties": { "location_id": "RWS01_MONICA_00D00501A450D0050005", "location_name": "00D00501A450D0050005", "network_source": "Rijkswaterstaat (national highway)", "observed": true }, "geometry": { "type": "Point", "coordinates": [ 4.762860001100375, 52.37160100414151 ] } },
{ "type": "Feature", "properties": { "location_id": "RWS01_MONICA_00D00501A450D0050009", "location_name": "00D00501A450D0050009", "network_source": "Rijkswaterstaat (national highway)", "observed": true }, "geometry": { "type": "Point", "coordinates": [ 4.762860001100375, 52.37160100414151 ] } },
{ "type": "Feature", "properties": { "location_id": "RWS01_MONICA_00D00501B83DD0050005", "location_name": "00D00501B83DD0050005", "network_source": "Rijkswaterstaat (national highway)", "observed": true }, "geometry": { "type": "Point", "coordinates": [ 4.766310001104008, 52.375340004143688 ] } },
{ "type": "Feature", "properties": { "location_id": "RWS01_MONICA_00D00501B83DD0050009", "location_name": "00D00501B83DD0050009", "network_source": "Rijkswaterstaat (national highway)", "observed": true }, "geometry": { "type": "Point", "coordinates": [ 4.766310001104008, 52.375340004143688 ] } },
{ "type": "Feature", "properties": { "location_id": "RWS01_MONICA_00D00501E429D0050005", "location_name": "00D00501E429D0050005", "network_source": "Rijkswaterstaat (national highway)", "observed": true }, "geometry": { "type": "Point", "coordinates": [ 4.767720001105894, 52.384918004149341 ] } },
{ "type": "Feature", "properties": { "location_id": "RWS01_MONICA_00D00501E429D0050009", "location_name": "00D00501E429D0050009", "network_source": "Rijkswaterstaat (national highway)", "observed": true }, "geometry": { "type": "Point", "coordinates": [ 4.767720001105894, 52.384918004149341 ] } },
{ "type": "Feature", "properties": { "location_id": "RWS01_MONICA_00D00501F851D0050005", "location_name": "00D00501F851D0050005", "network_source": "Rijkswaterstaat (national highway)", "observed": true }, "geometry": { "type": "Point", "coordinates": [ 4.770240001108636, 52.389450004151996 ] } },
{ "type": "Feature", "properties": { "location_id": "RWS01_MONICA_00D00501F851D0050009", "location_name": "00D00501F851D0050009", "network_source": "Rijkswaterstaat (national highway)", "observed": true }, "geometry": { "type": "Point", "coordinates": [ 4.770240001108636, 52.389450004151996 ] } },
{ "type": "Feature", "properties": { "location_id": "GEO0B_Z_RWSTIN284", "location_name": "200hrl001460", "network_source": "Other city sensor (GEO0B)", "observed": true }, "geometry": { "type": "Point", "coordinates": [ 4.820191001158253, 52.384373004148998 ] } },
{ "type": "Feature", "properties": { "location_id": "GEO0K_K_1_RWSTI358971", "location_name": "010vws032160", "network_source": "Other", "observed": true }, "geometry": { "type": "Point", "coordinates": [ 4.887340101227263, 52.425239604172866 ] } },
{ "type": "Feature", "properties": { "location_id": "GEO0K_K_RWSTI358514", "location_name": "N200 na afslag IJmuiden ri afslag Halfweg thv hmp 5.8", "network_source": "Other", "observed": true }, "geometry": { "type": "Point", "coordinates": [ 4.785616901123729, 52.384250604148939 ] } },
{ "type": "Feature", "properties": { "location_id": "GEO0K_K_RWSTI358765", "location_name": "A10 naar Coenplein na afrit 5 ri afrit 4 thv hmp 25.2, prb", "network_source": "Other", "observed": true }, "geometry": { "type": "Point", "coordinates": [ 4.84309480118066, 52.374858904143316 ] } },
{ "type": "Feature", "properties": { "location_id": "GEO0K_K_RWSTI358770", "location_name": "A10 naar De Nieuwe Meer na afrit 3 ri afrit 4 thv hmp 25.2", "network_source": "Other", "observed": true }, "geometry": { "type": "Point", "coordinates": [ 4.842518801180091, 52.374988604143418 ] } },
{ "type": "Feature", "properties": { "location_id": "GEO0K_K_RWSTI358800", "location_name": "A10 naar Coenplein na afrit 3 ri afrit 2 thv hmp 26.3, afrit", "network_source": "Other", "observed": true }, "geometry": { "type": "Point", "coordinates": [ 4.845500001183508, 52.384010304148724 ] } },
{ "type": "Feature", "properties": { "location_id": "GEO0K_K_RWSTI358801", "location_name": "A10 naar Coenplein na afrit 4 ri afrit 3 thv hmp 26.0, prb", "network_source": "Other", "observed": true }, "geometry": { "type": "Point", "coordinates": [ 4.845193901183039, 52.380695304146784 ] } },
{ "type": "Feature", "properties": { "location_id": "GEO0K_K_RWSTI358802", "location_name": "A10 naar De Nieuwe Meer na afrit 3 ri afrit 4 thv hmp 26.3, oprit", "network_source": "Other", "observed": true }, "geometry": { "type": "Point", "coordinates": [ 4.843905901181905, 52.383815804148604 ] } },
{ "type": "Feature", "properties": { "location_id": "GEO0K_K_RWSTI358815", "location_name": "A10 naar Coenplein na afrit 1 ri knppnt Coenplein thv hmp 28.5", "network_source": "Other", "observed": true }, "geometry": { "type": "Point", "coordinates": [ 4.851962101190872, 52.40282440415978 ] } },
{ "type": "Feature", "properties": { "location_id": "GEO0K_K_RWSTI358830", "location_name": "010vwq028500", "network_source": "Other", "observed": true }, "geometry": { "type": "Point", "coordinates": [ 4.85085700118977, 52.402843004159791 ] } },
{ "type": "Feature", "properties": { "location_id": "GEO0K_K_RWSTI358835", "location_name": "? na Amsterdam ri ?", "network_source": "Other", "observed": true }, "geometry": { "type": "Point", "coordinates": [ 4.851469001190386, 52.402977004159894 ] } },
{ "type": "Feature", "properties": { "location_id": "GEO0K_K_RWSTI358937", "location_name": "A10 naar Watergraafsmeer op knppnt Coenplein ri afrit 18 thv hmp 31.5, afrit", "network_source": "Other", "observed": true }, "geometry": { "type": "Point", "coordinates": [ 4.878474201218315, 52.423122404171608 ] } },
{ "type": "Feature", "properties": { "location_id": "GEO0K_K_RWSTI358939", "location_name": "A10 naar Coenplein op knppnt Coenplein ri afrit 1 thv hmp 31.8, oprit", "network_source": "Other", "observed": true }, "geometry": { "type": "Point", "coordinates": [ 4.881410101221339, 52.42506030417276 ] } },
{ "type": "Feature", "properties": { "location_id": "GEO0K_K_RWSTI359180", "location_name": "Meibergdreef na afrit A9: AMC Ziekenhuis ri ?", "network_source": "Other", "observed": true }, "geometry": { "type": "Point", "coordinates": [ 4.945734001279029, 52.286357904090472 ] } },
{ "type": "Feature", "properties": { "location_id": "GEO0K_K_RWSTI359181", "location_name": "Meibergdreef na afrit A9: AMC Ziekenhuis ri ?", "network_source": "Other", "observed": true }, "geometry": { "type": "Point", "coordinates": [ 4.945085001278371, 52.286174804090372 ] } },
{ "type": "Feature", "properties": { "location_id": "GEO0K_K_RWSTI359235", "location_name": "A2 naar Amsterdam op knppnt Holendrecht ri afrit 1 thv hmp 36.4, vw", "network_source": "Other", "observed": true }, "geometry": { "type": "Point", "coordinates": [ 4.950161901283447, 52.286159504090328 ] } },
{ "type": "Feature", "properties": { "location_id": "GEO0K_K_RWSTI359236", "location_name": "Meibergdreef na afrit A9: AMC Ziekenhuis ri kr Muntbergweg", "network_source": "Other", "observed": true }, "geometry": { "type": "Point", "coordinates": [ 4.948103901281455, 52.287612904091247 ] } },
{ "type": "Feature", "properties": { "location_id": "GEO0K_K_RWSTI359238", "location_name": "Meibergdreef na afrit A9: AMC Ziekenhuis ri kr Muntbergweg", "network_source": "Other", "observed": true }, "geometry": { "type": "Point", "coordinates": [ 4.946353001279951, 52.292892504094397 ] } },
{ "type": "Feature", "properties": { "location_id": "GEO0K_K_RWSTI359330", "location_name": "A10 naar Watergraafsmeer na afrit 14 ri knppnt Watergraafsmeer thv hmp 11.6, vw", "network_source": "Other", "observed": true }, "geometry": { "type": "Point", "coordinates": [ 4.960784901297087, 52.351070404128905 ] } },
{ "type": "Feature", "properties": { "location_id": "GEO0K_K_RWSTI359472", "location_name": "A9 naar Diemen na afrit 1 ri afrit 1a thv hmp 5.2, vw", "network_source": "Other", "observed": true }, "geometry": { "type": "Point", "coordinates": [ 5.005605201340911, 52.33011630411626 ] } },
{ "type": "Feature", "properties": { "location_id": "RWS01_MONICA_00D005020442D0050005", "location_name": "00D005020442D0050005", "network_source": "Rijkswaterstaat (national highway)", "observed": true }, "geometry": { "type": "Point", "coordinates": [ 4.773010001111495, 52.391350004153118 ] } },
{ "type": "Feature", "properties": { "location_id": "RWS01_MONICA_00D005020442D0050009", "location_name": "00D005020442D0050009", "network_source": "Rijkswaterstaat (national highway)", "observed": true }, "geometry": { "type": "Point", "coordinates": [ 4.773010001111495, 52.391350004153118 ] } },
{ "type": "Feature", "properties": { "location_id": "RWS01_MONICA_00D005021841D0050005", "location_name": "00D005021841D0050005", "network_source": "Rijkswaterstaat (national highway)", "observed": true }, "geometry": { "type": "Point", "coordinates": [ 4.779570001118139, 52.393242004154189 ] } },
{ "type": "Feature", "properties": { "location_id": "RWS01_MONICA_00D005021841D0050009", "location_name": "00D005021841D0050009", "network_source": "Rijkswaterstaat (national highway)", "observed": true }, "geometry": { "type": "Point", "coordinates": [ 4.779570001118139, 52.393242004154189 ] } },
{ "type": "Feature", "properties": { "location_id": "RWS01_MONICA_00D005021841D0070007", "location_name": "00D005021841D0070007", "network_source": "Rijkswaterstaat (national highway)", "observed": true }, "geometry": { "type": "Point", "coordinates": [ 4.779540001118107, 52.393150004154172 ] } },
{ "type": "Feature", "properties": { "location_id": "RWS01_MONICA_00D005021841D007000B", "location_name": "00D005021841D007000B", "network_source": "Rijkswaterstaat (national highway)", "observed": true }, "geometry": { "type": "Point", "coordinates": [ 4.779540001118107, 52.393150004154172 ] } },
{ "type": "Feature", "properties": { "location_id": "RWS01_MONICA_00D005022415D0050005", "location_name": "00D005022415D0050005", "network_source": "Rijkswaterstaat (national highway)", "observed": false }, "geometry": { "type": "Point", "coordinates": [ 4.783410001121982, 52.393440004154371 ] } },
{ "type": "Feature", "properties": { "location_id": "RWS01_MONICA_00D005022415D0050009", "location_name": "00D005022415D0050009", "network_source": "Rijkswaterstaat (national highway)", "observed": false }, "geometry": { "type": "Point", "coordinates": [ 4.783410001121982, 52.393440004154371 ] } },
{ "type": "Feature", "properties": { "location_id": "RWS01_MONICA_00D005022429D0070007", "location_name": "00D005022429D0070007", "network_source": "Rijkswaterstaat (national highway)", "observed": true }, "geometry": { "type": "Point", "coordinates": [ 4.783690001122256, 52.393341004154301 ] } },
{ "type": "Feature", "properties": { "location_id": "RWS01_MONICA_00D005022429D007000B", "location_name": "00D005022429D007000B", "network_source": "Rijkswaterstaat (national highway)", "observed": true }, "geometry": { "type": "Point", "coordinates": [ 4.783690001122256, 52.393341004154301 ] } },
{ "type": "Feature", "properties": { "location_id": "RWS01_MONICA_00D005022C6210200005", "location_name": "00D005022C6210200005", "network_source": "Rijkswaterstaat (national highway)", "observed": true }, "geometry": { "type": "Point", "coordinates": [ 4.77836000111692, 52.393040004154123 ] } },
{ "type": "Feature", "properties": { "location_id": "RWS01_MONICA_00D005023033D0050005", "location_name": "00D005023033D0050005", "network_source": "Rijkswaterstaat (national highway)", "observed": true }, "geometry": { "type": "Point", "coordinates": [ 4.788350001126914, 52.393459004154373 ] } },
{ "type": "Feature", "properties": { "location_id": "RWS01_MONICA_00D005023033D0050009", "location_name": "00D005023033D0050009", "network_source": "Rijkswaterstaat (national highway)", "observed": true }, "geometry": { "type": "Point", "coordinates": [ 4.788350001126914, 52.393459004154373 ] } },
{ "type": "Feature", "properties": { "location_id": "RWS01_MONICA_00D005023047D0070007", "location_name": "00D005023047D0070007", "network_source": "Rijkswaterstaat (national highway)", "observed": true }, "geometry": { "type": "Point", "coordinates": [ 4.788600001127157, 52.393318004154281 ] } },
{ "type": "Feature", "properties": { "location_id": "RWS01_MONICA_00D005023047D007000B", "location_name": "00D005023047D007000B", "network_source": "Rijkswaterstaat (national highway)", "observed": true }, "geometry": { "type": "Point", "coordinates": [ 4.788600001127157, 52.393318004154281 ] } },
{ "type": "Feature", "properties": { "location_id": "RWS01_MONICA_00D005023047D0070307", "location_name": "00D005023047D0070307", "network_source": "Rijkswaterstaat (national highway)", "observed": true }, "geometry": { "type": "Point", "coordinates": [ 4.788600001127157, 52.393318004154281 ] } },
{ "type": "Feature", "properties": { "location_id": "RWS01_MONICA_00D005023C4AD0050005", "location_name": "00D005023C4AD0050005", "network_source": "Rijkswaterstaat (national highway)", "observed": true }, "geometry": { "type": "Point", "coordinates": [ 4.793060001131616, 52.39345900415433 ] } },
{ "type": "Feature", "properties": { "location_id": "RWS01_MONICA_00D005023C4AD0050009", "location_name": "00D005023C4AD0050009", "network_source": "Rijkswaterstaat (national highway)", "observed": true }, "geometry": { "type": "Point", "coordinates": [ 4.793060001131616, 52.39345900415433 ] } },
{ "type": "Feature", "properties": { "location_id": "RWS01_MONICA_00D005023C4AD0050305", "location_name": "00D005023C4AD0050305", "network_source": "Rijkswaterstaat (national highway)", "observed": true }, "geometry": { "type": "Point", "coordinates": [ 4.793060001131616, 52.39345900415433 ] } },
{ "type": "Feature", "properties": { "location_id": "RWS01_MONICA_00D005023C5ED0070007", "location_name": "00D005023C5ED0070007", "network_source": "Rijkswaterstaat (national highway)", "observed": true }, "geometry": { "type": "Point", "coordinates": [ 4.79333000113188, 52.39334100415428 ] } },
{ "type": "Feature", "properties": { "location_id": "RWS01_MONICA_00D005023C5ED007000B", "location_name": "00D005023C5ED007000B", "network_source": "Rijkswaterstaat (national highway)", "observed": true }, "geometry": { "type": "Point", "coordinates": [ 4.79333000113188, 52.39334100415428 ] } },
{ "type": "Feature", "properties": { "location_id": "RWS01_MONICA_00D005023C5ED0070307", "location_name": "00D005023C5ED0070307", "network_source": "Rijkswaterstaat (national highway)", "observed": true }, "geometry": { "type": "Point", "coordinates": [ 4.79333000113188, 52.39334100415428 ] } },
{ "type": "Feature", "properties": { "location_id": "RWS01_MONICA_00D005024C2FD0050005", "location_name": "00D005024C2FD0050005", "network_source": "Rijkswaterstaat (national highway)", "observed": true }, "geometry": { "type": "Point", "coordinates": [ 4.798510001137058, 52.393459004154359 ] } },
{ "type": "Feature", "properties": { "location_id": "RWS01_MONICA_00D005024C2FD0050009", "location_name": "00D005024C2FD0050009", "network_source": "Rijkswaterstaat (national highway)", "observed": true }, "geometry": { "type": "Point", "coordinates": [ 4.798510001137058, 52.393459004154359 ] } },
{ "type": "Feature", "properties": { "location_id": "RWS01_MONICA_00D005024C43D0070007", "location_name": "00D005024C43D0070007", "network_source": "Rijkswaterstaat (national highway)", "observed": true }, "geometry": { "type": "Point", "coordinates": [ 4.798800001137341, 52.393360004154282 ] } },
{ "type": "Feature", "properties": { "location_id": "RWS01_MONICA_00D005024C43D007000B", "location_name": "00D005024C43D007000B", "network_source": "Rijkswaterstaat (national highway)", "observed": true }, "geometry": { "type": "Point", "coordinates": [ 4.798800001137341, 52.393360004154282 ] } },
{ "type": "Feature", "properties": { "location_id": "RWS01_MONICA_00D005026028D0050005", "location_name": "00D005026028D0050005", "network_source": "Rijkswaterstaat (national highway)", "observed": true }, "geometry": { "type": "Point", "coordinates": [ 4.805740001144258, 52.393131004154164 ] } },
{ "type": "Feature", "properties": { "location_id": "RWS01_MONICA_00D005026028D0050009", "location_name": "00D005026028D0050009", "network_source": "Rijkswaterstaat (national highway)", "observed": true }, "geometry": { "type": "Point", "coordinates": [ 4.805740001144258, 52.393131004154164 ] } },
{ "type": "Feature", "properties": { "location_id": "RWS01_MONICA_00D005026041D0070007", "location_name": "00D005026041D0070007", "network_source": "Rijkswaterstaat (national highway)", "observed": true }, "geometry": { "type": "Point", "coordinates": [ 4.806020001144534, 52.393009004154095 ] } },
{ "type": "Feature", "properties": { "location_id": "RWS01_MONICA_00D005026041D007000B", "location_name": "00D005026041D007000B", "network_source": "Rijkswaterstaat (national highway)", "observed": true }, "geometry": { "type": "Point", "coordinates": [ 4.806020001144534, 52.393009004154095 ] } },
{ "type": "Feature", "properties": { "location_id": "RWS01_MONICA_00D005027400D0050005", "location_name": "00D005027400D0050005", "network_source": "Rijkswaterstaat (national highway)", "observed": true }, "geometry": { "type": "Point", "coordinates": [ 4.812350001150811, 52.392208004153609 ] } },
{ "type": "Feature", "properties": { "location_id": "RWS01_MONICA_00D005027400D0050009", "location_name": "00D005027400D0050009", "network_source": "Rijkswaterstaat (national highway)", "observed": true }, "geometry": { "type": "Point", "coordinates": [ 4.812350001150811, 52.392208004153609 ] } },
{ "type": "Feature", "properties": { "location_id": "RWS01_MONICA_00D00502741ED0070007", "location_name": "00D00502741ED0070007", "network_source": "Rijkswaterstaat (national highway)", "observed": true }, "geometry": { "type": "Point", "coordinates": [ 4.812590001151046, 52.392078004153525 ] } },
{ "type": "Feature", "properties": { "location_id": "RWS01_MONICA_00D00502741ED007000B", "location_name": "00D00502741ED007000B", "network_source": "Rijkswaterstaat (national highway)", "observed": true }, "geometry": { "type": "Point", "coordinates": [ 4.812590001151046, 52.392078004153525 ] } },
{ "type": "Feature", "properties": { "location_id": "RWS01_MONICA_00D005028819D0050005", "location_name": "00D005028819D0050005", "network_source": "Rijkswaterstaat (national highway)", "observed": true }, "geometry": { "type": "Point", "coordinates": [ 4.820070001158503, 52.391930004153451 ] } },
{ "type": "Feature", "properties": { "location_id": "RWS01_MONICA_00D005028819D0050009", "location_name": "00D005028819D0050009", "network_source": "Rijkswaterstaat (national highway)", "observed": true }, "geometry": { "type": "Point", "coordinates": [ 4.820070001158503, 52.391930004153451 ] } },
{ "type": "Feature", "properties": { "location_id": "RWS01_MONICA_00D005028832D0070007", "location_name": "00D005028832D0070007", "network_source": "Rijkswaterstaat (national highway)", "observed": true }, "geometry": { "type": "Point", "coordinates": [ 4.820110001158541, 52.391842004153375 ] } },
{ "type": "Feature", "properties": { "location_id": "RWS01_MONICA_00D005028832D007000B", "location_name": "00D005028832D007000B", "network_source": "Rijkswaterstaat (national highway)", "observed": true }, "geometry": { "type": "Point", "coordinates": [ 4.820110001158541, 52.391842004153375 ] } },
{ "type": "Feature", "properties": { "location_id": "RWS01_MONICA_00D005029C35D0050005", "location_name": "00D005029C35D0050005", "network_source": "Rijkswaterstaat (national highway)", "observed": true }, "geometry": { "type": "Point", "coordinates": [ 4.82784000116626, 52.391941004153395 ] } },
{ "type": "Feature", "properties": { "location_id": "RWS01_MONICA_00D005029C35D0050009", "location_name": "00D005029C35D0050009", "network_source": "Rijkswaterstaat (national highway)", "observed": true }, "geometry": { "type": "Point", "coordinates": [ 4.82784000116626, 52.391941004153395 ] } },
{ "type": "Feature", "properties": { "location_id": "RWS01_MONICA_00D005029C4ED0070007", "location_name": "00D005029C4ED0070007", "network_source": "Rijkswaterstaat (national highway)", "observed": true }, "geometry": { "type": "Point", "coordinates": [ 4.827770001166187, 52.391850004153369 ] } },
{ "type": "Feature", "properties": { "location_id": "RWS01_MONICA_00D005029C4ED007000B", "location_name": "00D005029C4ED007000B", "network_source": "Rijkswaterstaat (national highway)", "observed": true }, "geometry": { "type": "Point", "coordinates": [ 4.827770001166187, 52.391850004153369 ] } },
{ "type": "Feature", "properties": { "location_id": "RWS01_MONICA_00D00502B40ED0050005", "location_name": "00D00502B40ED0050005", "network_source": "Rijkswaterstaat (national highway)", "observed": true }, "geometry": { "type": "Point", "coordinates": [ 4.836040001174466, 52.392288004153613 ] } },
{ "type": "Feature", "properties": { "location_id": "RWS01_MONICA_00D00502B40ED0050009", "location_name": "00D00502B40ED0050009", "network_source": "Rijkswaterstaat (national highway)", "observed": true }, "geometry": { "type": "Point", "coordinates": [ 4.836040001174466, 52.392288004153613 ] } },
{ "type": "Feature", "properties": { "location_id": "RWS01_MONICA_00D00502B427D0070007", "location_name": "00D00502B427D0070007", "network_source": "Rijkswaterstaat (national highway)", "observed": true }, "geometry": { "type": "Point", "coordinates": [ 4.835840001174258, 52.392139004153549 ] } },
{ "type": "Feature", "properties": { "location_id": "RWS01_MONICA_00D00502B427D007000B", "location_name": "00D00502B427D007000B", "network_source": "Rijkswaterstaat (national highway)", "observed": true }, "geometry": { "type": "Point", "coordinates": [ 4.835840001174258, 52.392139004153549 ] } },
{ "type": "Feature", "properties": { "location_id": "RWS01_MONICA_00D00502C835D0050005", "location_name": "00D00502C835D0050005", "network_source": "Rijkswaterstaat (national highway)", "observed": true }, "geometry": { "type": "Point", "coordinates": [ 4.842280001180838, 52.395241004155331 ] } },
{ "type": "Feature", "properties": { "location_id": "RWS01_MONICA_00D00502C835D0050009", "location_name": "00D00502C835D0050009", "network_source": "Rijkswaterstaat (national highway)", "observed": true }, "geometry": { "type": "Point", "coordinates": [ 4.842280001180838, 52.395241004155331 ] } },
{ "type": "Feature", "properties": { "location_id": "RWS01_MONICA_00D00502C849D0070007", "location_name": "00D00502C849D0070007", "network_source": "Rijkswaterstaat (national highway)", "observed": true }, "geometry": { "type": "Point", "coordinates": [ 4.841950001180496, 52.394970004155169 ] } },
{ "type": "Feature", "properties": { "location_id": "RWS01_MONICA_00D00502C849D007000B", "location_name": "00D00502C849D007000B", "network_source": "Rijkswaterstaat (national highway)", "observed": true }, "geometry": { "type": "Point", "coordinates": [ 4.841950001180496, 52.394970004155169 ] } },
{ "type": "Feature", "properties": { "location_id": "RWS01_MONICA_00D00901185AD0050005", "location_name": "00D00901185AD0050005", "network_source": "Rijkswaterstaat (national highway)", "observed": false }, "geometry": { "type": "Point", "coordinates": [ 4.994890001329567, 52.316311004108108 ] } },
{ "type": "Feature", "properties": { "location_id": "RWS01_MONICA_00D00901185AD0050009", "location_name": "00D00901185AD0050009", "network_source": "Rijkswaterstaat (national highway)", "observed": false }, "geometry": { "type": "Point", "coordinates": [ 4.994890001329567, 52.316311004108108 ] } },
{ "type": "Feature", "properties": { "location_id": "RWS01_MONICA_00D009012800B8200007", "location_name": "00D009012800B8200007", "network_source": "Rijkswaterstaat (national highway)", "observed": false }, "geometry": { "type": "Point", "coordinates": [ 4.990710001325327, 52.315022004107398 ] } },
{ "type": "Feature", "properties": { "location_id": "RWS01_MONICA_00D009012800B820000B", "location_name": "00D009012800B820000B", "network_source": "Rijkswaterstaat (national highway)", "observed": false }, "geometry": { "type": "Point", "coordinates": [ 4.990710001325327, 52.315022004107398 ] } },
{ "type": "Feature", "properties": { "location_id": "RWS01_MONICA_00D009012800B820000F", "location_name": "00D009012800B820000F", "network_source": "Rijkswaterstaat (national highway)", "observed": false }, "geometry": { "type": "Point", "coordinates": [ 4.990710001325327, 52.315022004107398 ] } },
{ "type": "Feature", "properties": { "location_id": "RWS01_MONICA_00D009012800B8200087", "location_name": "00D009012800B8200087", "network_source": "Rijkswaterstaat (national highway)", "observed": false }, "geometry": { "type": "Point", "coordinates": [ 4.990710001325327, 52.315022004107398 ] } },
{ "type": "Feature", "properties": { "location_id": "RWS01_MONICA_00D009012800D0070007", "location_name": "00D009012800D0070007", "network_source": "Rijkswaterstaat (national highway)", "observed": false }, "geometry": { "type": "Point", "coordinates": [ 4.990870001325485, 52.314911004107316 ] } },
{ "type": "Feature", "properties": { "location_id": "RWS01_MONICA_00D009012800D007000B", "location_name": "00D009012800D007000B", "network_source": "Rijkswaterstaat (national highway)", "observed": false }, "geometry": { "type": "Point", "coordinates": [ 4.990870001325485, 52.314911004107316 ] } },
{ "type": "Feature", "properties": { "location_id": "RWS01_MONICA_00D00901505A18200005", "location_name": "00D00901505A18200005", "network_source": "Rijkswaterstaat (national highway)", "observed": false }, "geometry": { "type": "Point", "coordinates": [ 4.976710001311099, 52.309971004104433 ] } },
{ "type": "Feature", "properties": { "location_id": "RWS01_MONICA_00D00901505AC0200005", "location_name": "00D00901505AC0200005", "network_source": "Rijkswaterstaat (national highway)", "observed": false }, "geometry": { "type": "Point", "coordinates": [ 4.977050001311445, 52.310040004104479 ] } },
{ "type": "Feature", "properties": { "location_id": "RWS01_MONICA_00D00901505AC0200009", "location_name": "00D00901505AC0200009", "network_source": "Rijkswaterstaat (national highway)", "observed": false }, "geometry": { "type": "Point", "coordinates": [ 4.977050001311445, 52.310040004104479 ] } },
{ "type": "Feature", "properties": { "location_id": "RWS01_MONICA_00D00901545F00200007", "location_name": "00D00901545F00200007", "network_source": "Rijkswaterstaat (national highway)", "observed": false }, "geometry": { "type": "Point", "coordinates": [ 4.975330001309719, 52.309959004104456 ] } },
{ "type": "Feature", "properties": { "location_id": "RWS01_MONICA_00D00901545FB8200007", "location_name": "00D00901545FB8200007", "network_source": "Rijkswaterstaat (national highway)", "observed": false }, "geometry": { "type": "Point", "coordinates": [ 4.975250001309644, 52.310032004104471 ] } },
{ "type": "Feature", "properties": { "location_id": "RWS01_MONICA_00D00901545FB820000B", "location_name": "00D00901545FB820000B", "network_source": "Rijkswaterstaat (national highway)", "observed": false }, "geometry": { "type": "Point", "coordinates": [ 4.975250001309644, 52.310032004104471 ] } },
{ "type": "Feature", "properties": { "location_id": "RWS01_MONICA_00D00901701E10200005", "location_name": "00D00901701E10200005", "network_source": "Rijkswaterstaat (national highway)", "observed": false }, "geometry": { "type": "Point", "coordinates": [ 4.967510001301757, 52.306808004102585 ] } },
{ "type": "Feature", "properties": { "location_id": "RWS01_MONICA_00D00901701EC0200005", "location_name": "00D00901701EC0200005", "network_source": "Rijkswaterstaat (national highway)", "observed": false }, "geometry": { "type": "Point", "coordinates": [ 4.967600001301843, 52.306751004102551 ] } },
{ "type": "Feature", "properties": { "location_id": "RWS01_MONICA_00D00901701EC0200009", "location_name": "00D00901701EC0200009", "network_source": "Rijkswaterstaat (national highway)", "observed": false }, "geometry": { "type": "Point", "coordinates": [ 4.967600001301843, 52.306751004102551 ] } },
{ "type": "Feature", "properties": { "location_id": "RWS01_MONICA_00D009019C3200200007", "location_name": "00D009019C3200200007", "network_source": "Rijkswaterstaat (national highway)", "observed": false }, "geometry": { "type": "Point", "coordinates": [ 4.953110001287136, 52.302071004099844 ] } },
{ "type": "Feature", "properties": { "location_id": "RWS01_MONICA_00D009019C320020000B", "location_name": "00D009019C320020000B", "network_source": "Rijkswaterstaat (national highway)", "observed": false }, "geometry": { "type": "Point", "coordinates": [ 4.953110001287136, 52.302071004099844 ] } },
{ "type": "Feature", "properties": { "location_id": "RWS01_MONICA_00D009019C32B8200007", "location_name": "00D009019C32B8200007", "network_source": "Rijkswaterstaat (national highway)", "observed": false }, "geometry": { "type": "Point", "coordinates": [ 4.953170001287194, 52.301998004099794 ] } },
{ "type": "Feature", "properties": { "location_id": "RWS01_MONICA_00D009019C32D0070007", "location_name": "00D009019C32D0070007", "network_source": "Rijkswaterstaat (national highway)", "observed": false }, "geometry": { "type": "Point", "coordinates": [ 4.953290001287307, 52.301891004099701 ] } },
{ "type": "Feature", "properties": { "location_id": "RWS01_MONICA_00D009019C32D007000B", "location_name": "00D009019C32D007000B", "network_source": "Rijkswaterstaat (national highway)", "observed": false }, "geometry": { "type": "Point", "coordinates": [ 4.953290001287307, 52.301891004099701 ] } },
{ "type": "Feature", "properties": { "location_id": "RWS01_MONICA_00D00901A850D0050005", "location_name": "00D00901A850D0050005", "network_source": "Rijkswaterstaat (national highway)", "observed": true }, "geometry": { "type": "Point", "coordinates": [ 4.949210001283153, 52.300289004098779 ] } },
{ "type": "Feature", "properties": { "location_id": "RWS01_MONICA_00D00901A850D0050009", "location_name": "00D00901A850D0050009", "network_source": "Rijkswaterstaat (national highway)", "observed": true }, "geometry": { "type": "Point", "coordinates": [ 4.949210001283153, 52.300289004098779 ] } },
{ "type": "Feature", "properties": { "location_id": "RWS01_MONICA_00D00901A850D0050305", "location_name": "00D00901A850D0050305", "network_source": "Rijkswaterstaat (national highway)", "observed": true }, "geometry": { "type": "Point", "coordinates": [ 4.949210001283153, 52.300289004098779 ] } },
{ "type": "Feature", "properties": { "location_id": "RWS01_MONICA_00D00901AC4608200007", "location_name": "00D00901AC4608200007", "network_source": "Rijkswaterstaat (national highway)", "observed": true }, "geometry": { "type": "Point", "coordinates": [ 4.947750001281691, 52.300228004098784 ] } },
{ "type": "Feature", "properties": { "location_id": "RWS01_MONICA_00D00901AC460820000B", "location_name": "00D00901AC460820000B", "network_source": "Rijkswaterstaat (national highway)", "observed": true }, "geometry": { "type": "Point", "coordinates": [ 4.947750001281691, 52.300228004098784 ] } },
{ "type": "Feature", "properties": { "location_id": "RWS01_MONICA_00D00901B43208200007", "location_name": "00D00901B43208200007", "network_source": "Rijkswaterstaat (national highway)", "observed": true }, "geometry": { "type": "Point", "coordinates": [ 4.945440001279342, 52.299438004098278 ] } },
{ "type": "Feature", "properties": { "location_id": "RWS01_MONICA_00D00901B4320820000B", "location_name": "00D00901B4320820000B", "network_source": "Rijkswaterstaat (national highway)", "observed": true }, "geometry": { "type": "Point", "coordinates": [ 4.945440001279342, 52.299438004098278 ] } },
{ "type": "Feature", "properties": { "location_id": "RWS01_MONICA_00D00901CC1488200007", "location_name": "00D00901CC1488200007", "network_source": "Rijkswaterstaat (national highway)", "observed": true }, "geometry": { "type": "Point", "coordinates": [ 4.937880001271804, 52.299889004098603 ] } },
{ "type": "Feature", "properties": { "location_id": "RWS01_MONICA_00D00901CC148820000B", "location_name": "00D00901CC148820000B", "network_source": "Rijkswaterstaat (national highway)", "observed": true }, "geometry": { "type": "Point", "coordinates": [ 4.937880001271804, 52.299889004098603 ] } },
{ "type": "Feature", "properties": { "location_id": "RWS01_MONICA_00D00901DC3CD0070007", "location_name": "00D00901DC3CD0070007", "network_source": "Rijkswaterstaat (national highway)", "observed": true }, "geometry": { "type": "Point", "coordinates": [ 4.937050001270788, 52.295872004096211 ] } },
{ "type": "Feature", "properties": { "location_id": "RWS01_MONICA_00D00901DC3CD007000B", "location_name": "00D00901DC3CD007000B", "network_source": "Rijkswaterstaat (national highway)", "observed": true }, "geometry": { "type": "Point", "coordinates": [ 4.937050001270788, 52.295872004096211 ] } },
{ "type": "Feature", "properties": { "location_id": "RWS01_MONICA_00D00901DC3CD007000F", "location_name": "00D00901DC3CD007000F", "network_source": "Rijkswaterstaat (national highway)", "observed": true }, "geometry": { "type": "Point", "coordinates": [ 4.937050001270788, 52.295872004096211 ] } },
{ "type": "Feature", "properties": { "location_id": "RWS01_MONICA_00D00903805AD0070007", "location_name": "00D00903805AD0070007", "network_source": "Rijkswaterstaat (national highway)", "observed": false }, "geometry": { "type": "Point", "coordinates": [ 4.932960001266249, 52.286350004090536 ] } },
{ "type": "Feature", "properties": { "location_id": "RWS01_MONICA_00D00903805AD007000B", "location_name": "00D00903805AD007000B", "network_source": "Rijkswaterstaat (national highway)", "observed": false }, "geometry": { "type": "Point", "coordinates": [ 4.932960001266249, 52.286350004090536 ] } },
{ "type": "Feature", "properties": { "location_id": "RWS01_MONICA_00D00903C02DD0070007", "location_name": "00D00903C02DD0070007", "network_source": "Rijkswaterstaat (national highway)", "observed": false }, "geometry": { "type": "Point", "coordinates": [ 4.910790001244213, 52.289280004092348 ] } },
{ "type": "Feature", "properties": { "location_id": "RWS01_MONICA_00D00903C02DD007000B", "location_name": "00D00903C02DD007000B", "network_source": "Rijkswaterstaat (national highway)", "observed": false }, "geometry": { "type": "Point", "coordinates": [ 4.910790001244213, 52.289280004092348 ] } },
{ "type": "Feature", "properties": { "location_id": "RWS01_MONICA_00D00903C02DD007000F", "location_name": "00D00903C02DD007000F", "network_source": "Rijkswaterstaat (national highway)", "observed": false }, "geometry": { "type": "Point", "coordinates": [ 4.910790001244213, 52.289280004092348 ] } },
{ "type": "Feature", "properties": { "location_id": "RWS01_MONICA_00D00903C02DD0070013", "location_name": "00D00903C02DD0070013", "network_source": "Rijkswaterstaat (national highway)", "observed": false }, "geometry": { "type": "Point", "coordinates": [ 4.910790001244213, 52.289280004092348 ] } },
{ "type": "Feature", "properties": { "location_id": "RWS01_MONICA_00D00A01C40098200007", "location_name": "00D00A01C40098200007", "network_source": "Rijkswaterstaat (national highway)", "observed": true }, "geometry": { "type": "Point", "coordinates": [ 4.963920001300309, 52.352982004130034 ] } },
{ "type": "Feature", "properties": { "location_id": "RWS01_MONICA_00D00A01C4009820000B", "location_name": "00D00A01C4009820000B", "network_source": "Rijkswaterstaat (national highway)", "observed": true }, "geometry": { "type": "Point", "coordinates": [ 4.963920001300309, 52.352982004130034 ] } },
{ "type": "Feature", "properties": { "location_id": "RWS01_MONICA_00D00A01C400D0070007", "location_name": "00D00A01C400D0070007", "network_source": "Rijkswaterstaat (national highway)", "observed": true }, "geometry": { "type": "Point", "coordinates": [ 4.963950001300338, 52.352970004130036 ] } },
{ "type": "Feature", "properties": { "location_id": "RWS01_MONICA_00D00A01C400D007000B", "location_name": "00D00A01C400D007000B", "network_source": "Rijkswaterstaat (national highway)", "observed": true }, "geometry": { "type": "Point", "coordinates": [ 4.963950001300338, 52.352970004130036 ] } },
{ "type": "Feature", "properties": { "location_id": "RWS01_MONICA_00D00A01C400D007000F", "location_name": "00D00A01C400D007000F", "network_source": "Rijkswaterstaat (national highway)", "observed": true }, "geometry": { "type": "Point", "coordinates": [ 4.963950001300338, 52.352970004130036 ] } },
{ "type": "Feature", "properties": { "location_id": "RWS01_MONICA_00D00A01C43C78200007", "location_name": "00D00A01C43C78200007", "network_source": "Rijkswaterstaat (national highway)", "observed": true }, "geometry": { "type": "Point", "coordinates": [ 4.962880001299265, 52.352829004129958 ] } },
{ "type": "Feature", "properties": { "location_id": "RWS01_MONICA_00D00A01DC2D98200007", "location_name": "00D00A01DC2D98200007", "network_source": "Rijkswaterstaat (national highway)", "observed": false }, "geometry": { "type": "Point", "coordinates": [ 4.96485000130107, 52.349361004127893 ] } },
{ "type": "Feature", "properties": { "location_id": "RWS01_MONICA_00D00A01DC2D9820000B", "location_name": "00D00A01DC2D9820000B", "network_source": "Rijkswaterstaat (national highway)", "observed": false }, "geometry": { "type": "Point", "coordinates": [ 4.96485000130107, 52.349361004127893 ] } },
{ "type": "Feature", "properties": { "location_id": "RWS01_MONICA_00D00A01E055D0050005", "location_name": "00D00A01E055D0050005", "network_source": "Rijkswaterstaat (national highway)", "observed": true }, "geometry": { "type": "Point", "coordinates": [ 4.95865000129475, 52.346680004126291 ] } },
{ "type": "Feature", "properties": { "location_id": "RWS01_MONICA_00D00A01E055D0050009", "location_name": "00D00A01E055D0050009", "network_source": "Rijkswaterstaat (national highway)", "observed": true }, "geometry": { "type": "Point", "coordinates": [ 4.95865000129475, 52.346680004126291 ] } },
{ "type": "Feature", "properties": { "location_id": "RWS01_MONICA_00D00A01E055D005000D", "location_name": "00D00A01E055D005000D", "network_source": "Rijkswaterstaat (national highway)", "observed": true }, "geometry": { "type": "Point", "coordinates": [ 4.95865000129475, 52.346680004126291 ] } },
{ "type": "Feature", "properties": { "location_id": "RWS01_MONICA_00D00A01FC3C18200005", "location_name": "00D00A01FC3C18200005", "network_source": "Rijkswaterstaat (national highway)", "observed": true }, "geometry": { "type": "Point", "coordinates": [ 4.953930001289787, 52.341370004123206 ] } },
{ "type": "Feature", "properties": { "location_id": "RWS01_MONICA_00D00A02045A08200007", "location_name": "00D00A02045A08200007", "network_source": "Rijkswaterstaat (national highway)", "observed": true }, "geometry": { "type": "Point", "coordinates": [ 4.951250001287051, 52.340172004122486 ] } },
{ "type": "Feature", "properties": { "location_id": "RWS01_MONICA_00D00A02045AD0050005", "location_name": "00D00A02045AD0050005", "network_source": "Rijkswaterstaat (national highway)", "observed": true }, "geometry": { "type": "Point", "coordinates": [ 4.951440001287229, 52.339859004122317 ] } },
{ "type": "Feature", "properties": { "location_id": "RWS01_MONICA_00D00A02045AD0050009", "location_name": "00D00A02045AD0050009", "network_source": "Rijkswaterstaat (national highway)", "observed": true }, "geometry": { "type": "Point", "coordinates": [ 4.951440001287229, 52.339859004122317 ] } },
{ "type": "Feature", "properties": { "location_id": "RWS01_MONICA_00D00A02045AD005000D", "location_name": "00D00A02045AD005000D", "network_source": "Rijkswaterstaat (national highway)", "observed": true }, "geometry": { "type": "Point", "coordinates": [ 4.951440001287229, 52.339859004122317 ] } },
{ "type": "Feature", "properties": { "location_id": "RWS01_MONICA_00D00A02045AD0050011", "location_name": "00D00A02045AD0050011", "network_source": "Rijkswaterstaat (national highway)", "observed": true }, "geometry": { "type": "Point", "coordinates": [ 4.951440001287229, 52.339859004122317 ] } },
{ "type": "Feature", "properties": { "location_id": "RWS01_MONICA_00D00A02045AD0070007", "location_name": "00D00A02045AD0070007", "network_source": "Rijkswaterstaat (national highway)", "observed": true }, "geometry": { "type": "Point", "coordinates": [ 4.951280001287075, 52.339989004122387 ] } },
{ "type": "Feature", "properties": { "location_id": "RWS01_MONICA_00D00A02045AD007000B", "location_name": "00D00A02045AD007000B", "network_source": "Rijkswaterstaat (national highway)", "observed": true }, "geometry": { "type": "Point", "coordinates": [ 4.951280001287075, 52.339989004122387 ] } },
{ "type": "Feature", "properties": { "location_id": "RWS01_MONICA_00D00A02045AD007000F", "location_name": "00D00A02045AD007000F", "network_source": "Rijkswaterstaat (national highway)", "observed": true }, "geometry": { "type": "Point", "coordinates": [ 4.951280001287075, 52.339989004122387 ] } },
{ "type": "Feature", "properties": { "location_id": "RWS01_MONICA_00D00A02045AD0070307", "location_name": "00D00A02045AD0070307", "network_source": "Rijkswaterstaat (national highway)", "observed": true }, "geometry": { "type": "Point", "coordinates": [ 4.951280001287075, 52.339989004122387 ] } },
{ "type": "Feature", "properties": { "location_id": "RWS01_MONICA_00D00A020C3710200005", "location_name": "00D00A020C3710200005", "network_source": "Rijkswaterstaat (national highway)", "observed": true }, "geometry": { "type": "Point", "coordinates": [ 4.9495600012853, 52.338848004121722 ] } },
{ "type": "Feature", "properties": { "location_id": "RWS01_MONICA_00D00A021C0FD0050005", "location_name": "00D00A021C0FD0050005", "network_source": "Rijkswaterstaat (national highway)", "observed": true }, "geometry": { "type": "Point", "coordinates": [ 4.944310001279994, 52.337540004120974 ] } },
{ "type": "Feature", "properties": { "location_id": "RWS01_MONICA_00D00A021C0FD0050009", "location_name": "00D00A021C0FD0050009", "network_source": "Rijkswaterstaat (national highway)", "observed": true }, "geometry": { "type": "Point", "coordinates": [ 4.944310001279994, 52.337540004120974 ] } },
{ "type": "Feature", "properties": { "location_id": "RWS01_MONICA_00D00A021C0FD005000D", "location_name": "00D00A021C0FD005000D", "network_source": "Rijkswaterstaat (national highway)", "observed": true }, "geometry": { "type": "Point", "coordinates": [ 4.944310001279994, 52.337540004120974 ] } },
{ "type": "Feature", "properties": { "location_id": "RWS01_MONICA_00D00A021C0FD0050011", "location_name": "00D00A021C0FD0050011", "network_source": "Rijkswaterstaat (national highway)", "observed": true }, "geometry": { "type": "Point", "coordinates": [ 4.944310001279994, 52.337540004120974 ] } },
{ "type": "Feature", "properties": { "location_id": "RWS01_MONICA_00D00A021C0FD0050305", "location_name": "00D00A021C0FD0050305", "network_source": "Rijkswaterstaat (national highway)", "observed": true }, "geometry": { "type": "Point", "coordinates": [ 4.944310001279994, 52.337540004120974 ] } },
{ "type": "Feature", "properties": { "location_id": "RWS01_MONICA_00D00A02245018200005", "location_name": "00D00A02245018200005", "network_source": "Rijkswaterstaat (national highway)", "observed": true }, "geometry": { "type": "Point", "coordinates": [ 4.93958000127521, 52.336330004120271 ] } },
{ "type": "Feature", "properties": { "location_id": "RWS01_MONICA_00D00A02281900200007", "location_name": "00D00A02281900200007", "network_source": "Rijkswaterstaat (national highway)", "observed": true }, "geometry": { "type": "Point", "coordinates": [ 4.93958000127521, 52.336330004120271 ] } },
{ "type": "Feature", "properties": { "location_id": "RWS01_MONICA_00D00A022850D0070007", "location_name": "00D00A022850D0070007", "network_source": "Rijkswaterstaat (national highway)", "observed": true }, "geometry": { "type": "Point", "coordinates": [ 4.939720001275353, 52.336391004120308 ] } },
{ "type": "Feature", "properties": { "location_id": "RWS01_MONICA_00D00A022850D007000B", "location_name": "00D00A022850D007000B", "network_source": "Rijkswaterstaat (national highway)", "observed": true }, "geometry": { "type": "Point", "coordinates": [ 4.939720001275353, 52.336391004120308 ] } },
{ "type": "Feature", "properties": { "location_id": "RWS01_MONICA_00D00A022850D007000F", "location_name": "00D00A022850D007000F", "network_source": "Rijkswaterstaat (national highway)", "observed": true }, "geometry": { "type": "Point", "coordinates": [ 4.939720001275353, 52.336391004120308 ] } },
{ "type": "Feature", "properties": { "location_id": "RWS01_MONICA_00D00A022850D0070013", "location_name": "00D00A022850D0070013", "network_source": "Rijkswaterstaat (national highway)", "observed": true }, "geometry": { "type": "Point", "coordinates": [ 4.939720001275353, 52.336391004120308 ] } },
{ "type": "Feature", "properties": { "location_id": "RWS01_MONICA_00D00A02301408200007", "location_name": "00D00A02301408200007", "network_source": "Rijkswaterstaat (national highway)", "observed": true }, "geometry": { "type": "Point", "coordinates": [ 4.937850001273456, 52.335739004119958 ] } },
{ "type": "Feature", "properties": { "location_id": "RWS01_MONICA_00D00A02301410200005", "location_name": "00D00A02301410200005", "network_source": "Rijkswaterstaat (national highway)", "observed": true }, "geometry": { "type": "Point", "coordinates": [ 4.93820000127379, 52.33544200411977 ] } },
{ "type": "Feature", "properties": { "location_id": "RWS01_MONICA_00D00A02301410200009", "location_name": "00D00A02301410200009", "network_source": "Rijkswaterstaat (national highway)", "observed": true }, "geometry": { "type": "Point", "coordinates": [ 4.93820000127379, 52.33544200411977 ] } },
{ "type": "Feature", "properties": { "location_id": "RWS01_MONICA_00D00A023014D0050005", "location_name": "00D00A023014D0050005", "network_source": "Rijkswaterstaat (national highway)", "observed": true }, "geometry": { "type": "Point", "coordinates": [ 4.938100001273694, 52.335541004119804 ] } },
{ "type": "Feature", "properties": { "location_id": "RWS01_MONICA_00D00A023014D0050009", "location_name": "00D00A023014D0050009", "network_source": "Rijkswaterstaat (national highway)", "observed": true }, "geometry": { "type": "Point", "coordinates": [ 4.938100001273694, 52.335541004119804 ] } },
{ "type": "Feature", "properties": { "location_id": "RWS01_MONICA_00D00A023014D005000D", "location_name": "00D00A023014D005000D", "network_source": "Rijkswaterstaat (national highway)", "observed": true }, "geometry": { "type": "Point", "coordinates": [ 4.938100001273694, 52.335541004119804 ] } },
{ "type": "Feature", "properties": { "location_id": "RWS01_MONICA_00D00A023014D0050011", "location_name": "00D00A023014D0050011", "network_source": "Rijkswaterstaat (national highway)", "observed": true }, "geometry": { "type": "Point", "coordinates": [ 4.938100001273694, 52.335541004119804 ] } },
{ "type": "Feature", "properties": { "location_id": "RWS01_MONICA_00D00A031C3210200005", "location_name": "00D00A031C3210200005", "network_source": "Rijkswaterstaat (national highway)", "observed": false }, "geometry": { "type": "Point", "coordinates": [ 4.859750001195501, 52.337769004121384 ] } },
{ "type": "Feature", "properties": { "location_id": "RWS01_MONICA_00D00A031C3210200009", "location_name": "00D00A031C3210200009", "network_source": "Rijkswaterstaat (national highway)", "observed": false }, "geometry": { "type": "Point", "coordinates": [ 4.859750001195501, 52.337769004121384 ] } },
{ "type": "Feature", "properties": { "location_id": "RWS01_MONICA_00D00A03500E90200005", "location_name": "00D00A03500E90200005", "network_source": "Rijkswaterstaat (national highway)", "observed": true }, "geometry": { "type": "Point", "coordinates": [ 4.839059801174898, 52.339279204122299 ] } },
{ "type": "Feature", "properties": { "location_id": "RWS01_MONICA_00D00A03500E90200009", "location_name": "00D00A03500E90200009", "network_source": "Rijkswaterstaat (national highway)", "observed": true }, "geometry": { "type": "Point", "coordinates": [ 4.839059801174898, 52.339279204122299 ] } },
{ "type": "Feature", "properties": { "location_id": "RWS01_MONICA_00D00A035C46D0070007", "location_name": "00D00A035C46D0070007", "network_source": "Rijkswaterstaat (national highway)", "observed": true }, "geometry": { "type": "Point", "coordinates": [ 4.841420001177394, 52.342060004123965 ] } },
{ "type": "Feature", "properties": { "location_id": "RWS01_MONICA_00D00A035C46D007000B", "location_name": "00D00A035C46D007000B", "network_source": "Rijkswaterstaat (national highway)", "observed": true }, "geometry": { "type": "Point", "coordinates": [ 4.841420001177394, 52.342060004123965 ] } },
{ "type": "Feature", "properties": { "location_id": "RWS01_MONICA_00D00A035C46D007000F", "location_name": "00D00A035C46D007000F", "network_source": "Rijkswaterstaat (national highway)", "observed": true }, "geometry": { "type": "Point", "coordinates": [ 4.841420001177394, 52.342060004123965 ] } },
{ "type": "Feature", "properties": { "location_id": "RWS01_MONICA_10D00A003423D0050085", "location_name": "10D00A003423D0050085", "network_source": "Rijkswaterstaat (national highway)", "observed": true }, "geometry": { "type": "Point", "coordinates": [ 4.904770001244504, 52.422081004170948 ] } },
{ "type": "Feature", "properties": { "location_id": "RWS01_MONICA_10D00A003423D0050089", "location_name": "10D00A003423D0050089", "network_source": "Rijkswaterstaat (national highway)", "observed": true }, "geometry": { "type": "Point", "coordinates": [ 4.904770001244504, 52.422081004170948 ] } },
{ "type": "Feature", "properties": { "location_id": "RWS01_MONICA_10D00A003423D005008D", "location_name": "10D00A003423D005008D", "network_source": "Rijkswaterstaat (national highway)", "observed": true }, "geometry": { "type": "Point", "coordinates": [ 4.904770001244504, 52.422081004170948 ] } },
{ "type": "Feature", "properties": { "location_id": "RWS01_MONICA_10D00A015C3CD0050005", "location_name": "10D00A015C3CD0050005", "network_source": "Rijkswaterstaat (national highway)", "observed": true }, "geometry": { "type": "Point", "coordinates": [ 4.974220001311615, 52.374859004142927 ] } },
{ "type": "Feature", "properties": { "location_id": "RWS01_MONICA_10D00A015C3CD0050009", "location_name": "10D00A015C3CD0050009", "network_source": "Rijkswaterstaat (national highway)", "observed": true }, "geometry": { "type": "Point", "coordinates": [ 4.974220001311615, 52.374859004142927 ] } },
{ "type": "Feature", "properties": { "location_id": "RWS01_MONICA_10D00A015C3CD005000D", "location_name": "10D00A015C3CD005000D", "network_source": "Rijkswaterstaat (national highway)", "observed": true }, "geometry": { "type": "Point", "coordinates": [ 4.974220001311615, 52.374859004142927 ] } },
{ "type": "Feature", "properties": { "location_id": "RWS01_MONICA_10D00A017001D0050005", "location_name": "10D00A017001D0050005", "network_source": "Rijkswaterstaat (national highway)", "observed": false }, "geometry": { "type": "Point", "coordinates": [ 4.973630001310845, 52.371010004140636 ] } },
{ "type": "Feature", "properties": { "location_id": "RWS01_MONICA_10D00A04741918200005", "location_name": "10D00A04741918200005", "network_source": "Rijkswaterstaat (national highway)", "observed": true }, "geometry": { "type": "Point", "coordinates": [ 4.851070001189999, 52.403210004160009 ] } },
{ "type": "Feature", "properties": { "location_id": "RWS01_MONICA_10D00A04741918200185", "location_name": "10D00A04741918200185", "network_source": "Rijkswaterstaat (national highway)", "observed": true }, "geometry": { "type": "Point", "coordinates": [ 4.851070001189999, 52.403210004160009 ] } },
{ "type": "Feature", "properties": { "location_id": "RWS01_MONICA_10D00A04741918200305", "location_name": "10D00A04741918200305", "network_source": "Rijkswaterstaat (national highway)", "observed": true }, "geometry": { "type": "Point", "coordinates": [ 4.851070001189999, 52.403210004160009 ] } },
{ "type": "Feature", "properties": { "location_id": "RWS01_MONICA_10D00A04783708200007", "location_name": "10D00A04783708200007", "network_source": "Rijkswaterstaat (national highway)", "observed": true }, "geometry": { "type": "Point", "coordinates": [ 4.853350001192297, 52.403629004160273 ] } },
{ "type": "Feature", "properties": { "location_id": "RWS01_MONICA_10D00A04783708200187", "location_name": "10D00A04783708200187", "network_source": "Rijkswaterstaat (national highway)", "observed": true }, "geometry": { "type": "Point", "coordinates": [ 4.853350001192297, 52.403629004160273 ] } },
{ "type": "Feature", "properties": { "location_id": "RWS01_MONICA_10D00A04783708200307", "location_name": "10D00A04783708200307", "network_source": "Rijkswaterstaat (national highway)", "observed": true }, "geometry": { "type": "Point", "coordinates": [ 4.853350001192297, 52.403629004160273 ] } },
{ "type": "Feature", "properties": { "location_id": "RWS01_MONICA_10D00A04E0199020000D", "location_name": "10D00A04E0199020000D", "network_source": "Rijkswaterstaat (national highway)", "observed": true }, "geometry": { "type": "Point", "coordinates": [ 4.87457000121458, 52.426491004173627 ] } },
{ "type": "Feature", "properties": { "location_id": "RWS01_MONICA_10D00A04FC5C9020000D", "location_name": "10D00A04FC5C9020000D", "network_source": "Rijkswaterstaat (national highway)", "observed": true }, "geometry": { "type": "Point", "coordinates": [ 4.885010001224927, 52.425041004172726 ] } },
{ "type": "Feature", "properties": { "location_id": "RWS01_MONICA_10D00A05085F9020000D", "location_name": "10D00A05085F9020000D", "network_source": "Rijkswaterstaat (national highway)", "observed": true }, "geometry": { "type": "Point", "coordinates": [ 4.889480001229399, 52.425270004172859 ] } },
{ "type": "Feature", "properties": { "location_id": "GEO0K_R_RWSTI1147", "location_name": "A9 naar Amstelveen vw van A9 vanuit Diemen naar A2 richting Amsterdam thv hmp 11.7", "network_source": "Other", "observed": true }, "geometry": { "type": "Point", "coordinates": [ 4.935844901269823, 52.301002504099287 ] } },
{ "type": "Feature", "properties": { "location_id": "GEO0K_R_RWSTI4353", "location_name": "A10 naar De Nieuwe Meer vw van A10 vanuit Coenplein naar A4 richting Den Haag thv hmp 20.3", "network_source": "Other", "observed": true }, "geometry": { "type": "Point", "coordinates": [ 4.826553801162386, 52.338951104122145 ] } },
{ "type": "Feature", "properties": { "location_id": "PNH02_PNHTI543", "location_name": "Kanaaldijk van Kanaaldijk - Slochterweg/Middenweg Broekerweg", "network_source": "Other", "observed": true }, "geometry": { "type": "Point", "coordinates": [ 4.951537101291263, 52.424011204171897 ] } },
{ "type": "Feature", "properties": { "location_id": "PNH02_PNHTI543r", "location_name": "Kanaaldijk van Slochterweg/Middenweg Broekerweg - Kanaaldijk", "network_source": "Other", "observed": true }, "geometry": { "type": "Point", "coordinates": [ 4.951417001291142, 52.423980704171875 ] } },
{ "type": "Feature", "properties": { "location_id": "PNH02_PNHTI545", "location_name": "Provincialeweg van Loosdrechtdreef - Driemondweg", "network_source": "Other", "observed": true }, "geometry": { "type": "Point", "coordinates": [ 4.998711101333191, 52.311969804105537 ] } },
{ "type": "Feature", "properties": { "location_id": "PNH02_PNHTI545r", "location_name": "Provincialeweg van  Driemondweg - Loosdrechtdreef", "network_source": "Other", "observed": true }, "geometry": { "type": "Point", "coordinates": [ 4.998711101333191, 52.311969804105537 ] } },
{ "type": "Feature", "properties": { "location_id": "PNH02_PNHTI547", "location_name": "Gooilandseweg van Verlengde Rijnkade - Van Houtenlaan", "network_source": "Other", "observed": true }, "geometry": { "type": "Point", "coordinates": [ 5.029174801363218, 52.30248640409971 ] } },
{ "type": "Feature", "properties": { "location_id": "PNH02_PNHTI547r", "location_name": "Gooilandseweg van Van Houtenlaan - Verlengde Rijnkade", "network_source": "Other", "observed": true }, "geometry": { "type": "Point", "coordinates": [ 5.029174801363218, 52.30248640409971 ] } },
{ "type": "Feature", "properties": { "location_id": "PNH02_PNHTI548", "location_name": "Gooilandseweg van Lage Klompweg - Wiefferingdreef", "network_source": "Other", "observed": true }, "geometry": { "type": "Point", "coordinates": [ 5.057630101391371, 52.295768704095487 ] } },
{ "type": "Feature", "properties": { "location_id": "PNH02_PNHTI548r", "location_name": "Gooilandseweg van Wiefferingdreef - Lage Klompweg", "network_source": "Other", "observed": true }, "geometry": { "type": "Point", "coordinates": [ 5.057630101391371, 52.295768704095487 ] } },
{ "type": "Feature", "properties": { "location_id": "PNH02_PNHTI550", "location_name": "Gooilandseweg van s Gravelandseweg - Hollands End", "network_source": "Other", "observed": true }, "geometry": { "type": "Point", "coordinates": [ 5.093140101426494, 52.286911004089959 ] } },
{ "type": "Feature", "properties": { "location_id": "PNH02_PNHTI576", "location_name": "De Hulk N247 Provincialeweg, Kanaaldijk (N235)/Termieterweg - Kruisweg thv hmp 32,1", "network_source": "Other", "observed": true }, "geometry": { "type": "Point", "coordinates": [ 4.965400201305035, 52.422714204171093 ] } },
{ "type": "Feature", "properties": { "location_id": "PNH02_PNHTI602r", "location_name": "N523 Spiegelweg, Hinderdam - beb.kom Nederhorst den Berg thv hmp 2,5", "network_source": "Other", "observed": true }, "geometry": { "type": "Point", "coordinates": [ 5.052238001385176, 52.277828204084784 ] } },
{ "type": "Feature", "properties": { "location_id": "PNH02_PNHTI603r", "location_name": "N523 Gabrielweg, Randweg - Kleizuwe thv hmp 13,1", "network_source": "Other", "observed": true }, "geometry": { "type": "Point", "coordinates": [ 5.056940001388039, 52.236698004060059 ] } },
{ "type": "Feature", "properties": { "location_id": "PNH02_TI881L", "location_name": "Slochterweg van Slochterweg - op/afrit A10", "network_source": "Other", "observed": true }, "geometry": { "type": "Point", "coordinates": [ 4.944980101284237, 52.413730604165913 ] } },
{ "type": "Feature", "properties": { "location_id": "PNH02_TI881R", "location_name": "Slochterweg van op/afrit A10 - Slochterweg", "network_source": "Other", "observed": true }, "geometry": { "type": "Point", "coordinates": [ 4.944980101284237, 52.413730604165913 ] } },
{ "type": "Feature", "properties": { "location_id": "RWS01_MONIBAS_0010vwc0033ra", "location_name": "0010vwc0033ra", "network_source": "Rijkswaterstaat (national highway)", "observed": true }, "geometry": { "type": "Point", "coordinates": [ 4.955240001291212, 52.34384200412466 ] } },
{ "type": "Feature", "properties": { "location_id": "RWS01_MONIBAS_0011hrl0033ra", "location_name": "0011hrl0033ra", "network_source": "Rijkswaterstaat (national highway)", "observed": true }, "geometry": { "type": "Point", "coordinates": [ 4.955360001291329, 52.343811004124674 ] } },
{ "type": "Feature", "properties": { "location_id": "RWS01_MONIBAS_0011hrl0037ra", "location_name": "0011hrl0037ra", "network_source": "Rijkswaterstaat (national highway)", "observed": true }, "geometry": { "type": "Point", "coordinates": [ 4.958390001294505, 52.346970004126504 ] } },
{ "type": "Feature", "properties": { "location_id": "RWS01_MONIBAS_0011hrl0041ra", "location_name": "0011hrl0041ra", "network_source": "Rijkswaterstaat (national highway)", "observed": true }, "geometry": { "type": "Point", "coordinates": [ 4.9608400012971, 52.350128004128344 ] } },
{ "type": "Feature", "properties": { "location_id": "RWS01_MONIBAS_0011hrl0041rb", "location_name": "0011hrl0041rb", "network_source": "Rijkswaterstaat (national highway)", "observed": true }, "geometry": { "type": "Point", "coordinates": [ 4.9608400012971, 52.350128004128344 ] } },
{ "type": "Feature", "properties": { "location_id": "RWS01_MONIBAS_0011hrl0047ra", "location_name": "0011hrl0047ra", "network_source": "Rijkswaterstaat (national highway)", "observed": true }, "geometry": { "type": "Point", "coordinates": [ 4.965940001302262, 52.351551004129192 ] } },
{ "type": "Feature", "properties": { "location_id": "RWS01_MONIBAS_0011hrr0040ra", "location_name": "0011hrr0040ra", "network_source": "Rijkswaterstaat (national highway)", "observed": true }, "geometry": { "type": "Point", "coordinates": [ 4.963190001299548, 52.35232200412964 ] } },
{ "type": "Feature", "properties": { "location_id": "RWS01_MONIBAS_0011hrr0046ra", "location_name": "0011hrr0046ra", "network_source": "Rijkswaterstaat (national highway)", "observed": true }, "geometry": { "type": "Point", "coordinates": [ 4.964080001300339, 52.350159004128351 ] } },
{ "type": "Feature", "properties": { "location_id": "RWS01_MONIBAS_0011hrr0052ra", "location_name": "0011hrr0052ra", "network_source": "Rijkswaterstaat (national highway)", "observed": true }, "geometry": { "type": "Point", "coordinates": [ 4.971940001308082, 52.347771004126926 ] } },
{ "type": "Feature", "properties": { "location_id": "RWS01_MONIBAS_0020vwm0344ra", "location_name": "0020vwm0344ra", "network_source": "Rijkswaterstaat (national highway)", "observed": true }, "geometry": { "type": "Point", "coordinates": [ 4.934050001268068, 52.301891004099808 ] } },
{ "type": "Feature", "properties": { "location_id": "RWS01_MONIBAS_0020vwm0345ra_1", "location_name": "0020vwm0345ra", "network_source": "Rijkswaterstaat (national highway)", "observed": true }, "geometry": { "type": "Point", "coordinates": [ 4.934500001268494, 52.301411004099535 ] } },
{ "type": "Feature", "properties": { "location_id": "RWS01_MONIBAS_0020vwm0345rb_1", "location_name": "0020vwm0345rb", "network_source": "Rijkswaterstaat (national highway)", "observed": true }, "geometry": { "type": "Point", "coordinates": [ 4.934500001268494, 52.301411004099535 ] } },
{ "type": "Feature", "properties": { "location_id": "RWS01_MONIBAS_0021hrr0308ra", "location_name": "0021hrr0308ra", "network_source": "Rijkswaterstaat (national highway)", "observed": true }, "geometry": { "type": "Point", "coordinates": [ 4.912760001248143, 52.330711004117056 ] } },
{ "type": "Feature", "properties": { "location_id": "RWS01_MONIBAS_0021hrr0344ra", "location_name": "0021hrr0344ra", "network_source": "Rijkswaterstaat (national highway)", "observed": true }, "geometry": { "type": "Point", "coordinates": [ 4.93419000126821, 52.301960004099833 ] } },
{ "type": "Feature", "properties": { "location_id": "RWS01_MONIBAS_0040vwa0019ra", "location_name": "0040vwa0019ra", "network_source": "Rijkswaterstaat (national highway)", "observed": true }, "geometry": { "type": "Point", "coordinates": [ 4.817910001153745, 52.338871004122076 ] } },
{ "type": "Feature", "properties": { "location_id": "RWS01_MONIBAS_0040vwb0027ra", "location_name": "0040vwb0027ra", "network_source": "Rijkswaterstaat (national highway)", "observed": true }, "geometry": { "type": "Point", "coordinates": [ 4.80748000114319, 52.336159004120496 ] } },
{ "type": "Feature", "properties": { "location_id": "RWS01_MONIBAS_0040vwc0024ra", "location_name": "0040vwc0024ra", "network_source": "Rijkswaterstaat (national highway)", "observed": true }, "geometry": { "type": "Point", "coordinates": [ 4.811110001146857, 52.336960004120975 ] } },
{ "type": "Feature", "properties": { "location_id": "RWS01_MONIBAS_0040vwd0020ra", "location_name": "0040vwd0020ra", "network_source": "Rijkswaterstaat (national highway)", "observed": true }, "geometry": { "type": "Point", "coordinates": [ 4.817020001152817, 52.338081004121619 ] } },
{ "type": "Feature", "properties": { "location_id": "RWS01_MONIBAS_0040vwh0003ra", "location_name": "0040vwh0003ra", "network_source": "Rijkswaterstaat (national highway)", "observed": true }, "geometry": { "type": "Point", "coordinates": [ 4.840960001176734, 52.337952004121476 ] } },
{ "type": "Feature", "properties": { "location_id": "RWS01_MONIBAS_0040vwh0007ra", "location_name": "0040vwh0007ra", "network_source": "Rijkswaterstaat (national highway)", "observed": true }, "geometry": { "type": "Point", "coordinates": [ 4.83581000117157, 52.337582004121337 ] } },
{ "type": "Feature", "properties": { "location_id": "RWS01_MONIBAS_0040vwh0007rb", "location_name": "A4 northBound naar Amsterdam vw van A4 vanuit Den Haag naar A10 richting Zaanstad thv hmp 0.8", "network_source": "Rijkswaterstaat (national highway)", "observed": true }, "geometry": { "type": "Point", "coordinates": [ 4.834760201170531, 52.337818104121453 ] } },
{ "type": "Feature", "properties": { "location_id": "RWS01_MONIBAS_0041hrl0004ra", "location_name": "0041hrl0004ra", "network_source": "Rijkswaterstaat (national highway)", "observed": true }, "geometry": { "type": "Point", "coordinates": [ 4.839540001175297, 52.337582004121288 ] } },
{ "type": "Feature", "properties": { "location_id": "RWS01_MONIBAS_0041hrl0007ra", "location_name": "A4 northBound naar Amsterdam op knppnt De Nieuwe Meer thv hmp 0.8", "network_source": "Rijkswaterstaat (national highway)", "observed": true }, "geometry": { "type": "Point", "coordinates": [ 4.835090201170877, 52.338150004121651 ] } },
{ "type": "Feature", "properties": { "location_id": "RWS01_MONIBAS_0041hrl0008ra", "location_name": "0041hrl0008ra", "network_source": "Rijkswaterstaat (national highway)", "observed": true }, "geometry": { "type": "Point", "coordinates": [ 4.83384990116964, 52.338211104121704 ] } },
{ "type": "Feature", "properties": { "location_id": "RWS01_MONIBAS_0041hrl0011ra", "location_name": "0041hrl0011ra", "network_source": "Rijkswaterstaat (national highway)", "observed": true }, "geometry": { "type": "Point", "coordinates": [ 4.829390001165184, 52.338219004121711 ] } },
{ "type": "Feature", "properties": { "location_id": "RWS01_MONIBAS_0041hrl0011rb", "location_name": "0041hrl0011rb", "network_source": "Rijkswaterstaat (national highway)", "observed": true }, "geometry": { "type": "Point", "coordinates": [ 4.829390001165184, 52.338219004121711 ] } },
{ "type": "Feature", "properties": { "location_id": "RWS01_MONIBAS_0041hrl0015ra", "location_name": "0041hrl0015ra", "network_source": "Rijkswaterstaat (national highway)", "observed": true }, "geometry": { "type": "Point", "coordinates": [ 4.823580001159382, 52.338280004121742 ] } },
{ "type": "Feature", "properties": { "location_id": "RWS01_MONIBAS_0041hrl0015rb", "location_name": "0041hrl0015rb", "network_source": "Rijkswaterstaat (national highway)", "observed": true }, "geometry": { "type": "Point", "coordinates": [ 4.823580001159382, 52.338280004121742 ] } },
{ "type": "Feature", "properties": { "location_id": "RWS01_MONIBAS_0041hrl0020ra", "location_name": "0041hrl0020ra", "network_source": "Rijkswaterstaat (national highway)", "observed": true }, "geometry": { "type": "Point", "coordinates": [ 4.817020001152829, 52.338291004121736 ] } },
{ "type": "Feature", "properties": { "location_id": "RWS01_MONIBAS_0041hrl0024ra", "location_name": "0041hrl0024ra", "network_source": "Rijkswaterstaat (national highway)", "observed": true }, "geometry": { "type": "Point", "coordinates": [ 4.811080001146836, 52.337170004121099 ] } },
{ "type": "Feature", "properties": { "location_id": "RWS01_MONIBAS_0041hrr0002ra", "location_name": "0041hrr0002ra", "network_source": "Rijkswaterstaat (national highway)", "observed": true }, "geometry": { "type": "Point", "coordinates": [ 4.84191000117771, 52.338509004121804 ] } },
{ "type": "Feature", "properties": { "location_id": "RWS01_MONIBAS_0041hrr0005ra", "location_name": "A4 southBound naar Den Haag op knppnt De Nieuwe Meer ri afrit 1 thv hmp 0.5", "network_source": "Rijkswaterstaat (national highway)", "observed": true }, "geometry": { "type": "Point", "coordinates": [ 4.838600201174421, 52.33885960412205 ] } },
{ "type": "Feature", "properties": { "location_id": "RWS01_MONIBAS_0041hrr0007ra", "location_name": "0041hrr0007ra", "network_source": "Rijkswaterstaat (national highway)", "observed": true }, "geometry": { "type": "Point", "coordinates": [ 4.834990001170811, 52.338859604122085 ] } },
{ "type": "Feature", "properties": { "location_id": "RWS01_MONIBAS_0041hrr0010ra", "location_name": "0041hrr0010ra", "network_source": "Rijkswaterstaat (national highway)", "observed": true }, "geometry": { "type": "Point", "coordinates": [ 4.830900001166724, 52.338860004122076 ] } },
{ "type": "Feature", "properties": { "location_id": "RWS01_MONIBAS_0041hrr0015ra", "location_name": "0041hrr0015ra", "network_source": "Rijkswaterstaat (national highway)", "observed": true }, "geometry": { "type": "Point", "coordinates": [ 4.823710001159541, 52.338871004122133 ] } },
{ "type": "Feature", "properties": { "location_id": "RWS01_MONIBAS_0041hrr0018ra", "location_name": "0041hrr0018ra", "network_source": "Rijkswaterstaat (national highway)", "observed": true }, "geometry": { "type": "Point", "coordinates": [ 4.8200700011559, 52.338799004122045 ] } },
{ "type": "Feature", "properties": { "location_id": "RWS01_MONIBAS_0041hrr0020ra", "location_name": "0041hrr0020ra", "network_source": "Rijkswaterstaat (national highway)", "observed": true }, "geometry": { "type": "Point", "coordinates": [ 4.816160001151984, 52.338638004121947 ] } },
{ "type": "Feature", "properties": { "location_id": "RWS01_MONIBAS_0041hrr0023ra", "location_name": "0041hrr0023ra", "network_source": "Rijkswaterstaat (national highway)", "observed": true }, "geometry": { "type": "Point", "coordinates": [ 4.81165000114744, 52.337818004121473 ] } },
{ "type": "Feature", "properties": { "location_id": "RWS01_MONIBAS_0041hrr0027ra", "location_name": "0041hrr0027ra", "network_source": "Rijkswaterstaat (national highway)", "observed": true }, "geometry": { "type": "Point", "coordinates": [ 4.807560001143266, 52.336109004120495 ] } },
{ "type": "Feature", "properties": { "location_id": "RWS01_MONIBAS_0041hrr0030ra", "location_name": "0041hrr0030ra", "network_source": "Rijkswaterstaat (national highway)", "observed": true }, "geometry": { "type": "Point", "coordinates": [ 4.804340001139954, 52.334171004119312 ] } },
{ "type": "Feature", "properties": { "location_id": "RWS01_MONIBAS_0041hrr0032ra_1", "location_name": "0041hrr0032ra", "network_source": "Rijkswaterstaat (national highway)", "observed": true }, "geometry": { "type": "Point", "coordinates": [ 4.801620001137154, 52.33250000411833 ] } },
{ "type": "Feature", "properties": { "location_id": "RWS01_MONIBAS_0041hrr0032rb_1", "location_name": "0041hrr0032rb", "network_source": "Rijkswaterstaat (national highway)", "observed": true }, "geometry": { "type": "Point", "coordinates": [ 4.801620001137154, 52.33250000411833 ] } },
{ "type": "Feature", "properties": { "location_id": "RWS01_MONIBAS_0050vwc0139ra", "location_name": "0050vwc0139ra", "network_source": "Rijkswaterstaat (national highway)", "observed": true }, "geometry": { "type": "Point", "coordinates": [ 4.77836000111692, 52.393040004154123 ] } },
{ "type": "Feature", "properties": { "location_id": "RWS01_MONIBAS_0051hrl0096ra", "location_name": "0051hrl0096ra", "network_source": "Rijkswaterstaat (national highway)", "observed": true }, "geometry": { "type": "Point", "coordinates": [ 4.752550001089823, 52.366440004138447 ] } },
{ "type": "Feature", "properties": { "location_id": "RWS01_MONIBAS_0051hrl0099ra", "location_name": "0051hrl0099ra", "network_source": "Rijkswaterstaat (national highway)", "observed": true }, "geometry": { "type": "Point", "coordinates": [ 4.75630000109365, 52.368111004139436 ] } },
{ "type": "Feature", "properties": { "location_id": "RWS01_MONIBAS_0051hrl0105ra", "location_name": "0051hrl0105ra", "network_source": "Rijkswaterstaat (national highway)", "observed": true }, "geometry": { "type": "Point", "coordinates": [ 4.762860001100375, 52.37160100414151 ] } },
{ "type": "Feature", "properties": { "location_id": "RWS01_MONIBAS_0051hrl0110ra", "location_name": "0051hrl0110ra", "network_source": "Rijkswaterstaat (national highway)", "observed": true }, "geometry": { "type": "Point", "coordinates": [ 4.766310001104008, 52.375340004143688 ] } },
{ "type": "Feature", "properties": { "location_id": "RWS01_MONIBAS_0051hrl0116ra_1", "location_name": "0051hrl0116ra", "network_source": "Rijkswaterstaat (national highway)", "observed": true }, "geometry": { "type": "Point", "coordinates": [ 4.767700001105633, 52.380081004146483 ] } },
{ "type": "Feature", "properties": { "location_id": "RWS01_MONIBAS_0051hrl0121ra", "location_name": "0051hrl0121ra", "network_source": "Rijkswaterstaat (national highway)", "observed": true }, "geometry": { "type": "Point", "coordinates": [ 4.767720001105894, 52.384918004149341 ] } },
{ "type": "Feature", "properties": { "location_id": "RWS01_MONIBAS_0051hrl0126ra", "location_name": "0051hrl0126ra", "network_source": "Rijkswaterstaat (national highway)", "observed": true }, "geometry": { "type": "Point", "coordinates": [ 4.770240001108636, 52.389450004151996 ] } },
{ "type": "Feature", "properties": { "location_id": "RWS01_MONIBAS_0051hrl0129ra", "location_name": "0051hrl0129ra", "network_source": "Rijkswaterstaat (national highway)", "observed": true }, "geometry": { "type": "Point", "coordinates": [ 4.773010001111495, 52.391350004153118 ] } },
{ "type": "Feature", "properties": { "location_id": "RWS01_MONIBAS_0051hrl0134ra", "location_name": "0051hrl0134ra", "network_source": "Rijkswaterstaat (national highway)", "observed": true }, "geometry": { "type": "Point", "coordinates": [ 4.779570001118139, 52.393242004154189 ] } },
{ "type": "Feature", "properties": { "location_id": "RWS01_MONIBAS_0051hrl0137ra", "location_name": "0051hrl0137ra", "network_source": "Rijkswaterstaat (national highway)", "observed": false }, "geometry": { "type": "Point", "coordinates": [ 4.783410001121982, 52.393440004154371 ] } },
{ "type": "Feature", "properties": { "location_id": "RWS01_MONIBAS_0051hrl0140ra", "location_name": "0051hrl0140ra", "network_source": "Rijkswaterstaat (national highway)", "observed": true }, "geometry": { "type": "Point", "coordinates": [ 4.788350001126914, 52.393459004154373 ] } },
{ "type": "Feature", "properties": { "location_id": "RWS01_MONIBAS_0051hrl0143ra", "location_name": "0051hrl0143ra", "network_source": "Rijkswaterstaat (national highway)", "observed": true }, "geometry": { "type": "Point", "coordinates": [ 4.793060001131616, 52.39345900415433 ] } },
{ "type": "Feature", "properties": { "location_id": "RWS01_MONIBAS_0051hrl0147ra", "location_name": "0051hrl0147ra", "network_source": "Rijkswaterstaat (national highway)", "observed": true }, "geometry": { "type": "Point", "coordinates": [ 4.798510001137058, 52.393459004154359 ] } },
{ "type": "Feature", "properties": { "location_id": "RWS01_MONIBAS_0051hrl0152ra", "location_name": "0051hrl0152ra", "network_source": "Rijkswaterstaat (national highway)", "observed": true }, "geometry": { "type": "Point", "coordinates": [ 4.805740001144258, 52.393131004154164 ] } },
{ "type": "Feature", "properties": { "location_id": "RWS01_MONIBAS_0051hrl0157ra", "location_name": "0051hrl0157ra", "network_source": "Rijkswaterstaat (national highway)", "observed": true }, "geometry": { "type": "Point", "coordinates": [ 4.812350001150811, 52.392208004153609 ] } },
{ "type": "Feature", "properties": { "location_id": "RWS01_MONIBAS_0051hrl0162ra", "location_name": "0051hrl0162ra", "network_source": "Rijkswaterstaat (national highway)", "observed": true }, "geometry": { "type": "Point", "coordinates": [ 4.820070001158503, 52.391930004153451 ] } },
{ "type": "Feature", "properties": { "location_id": "RWS01_MONIBAS_0051hrl0167ra", "location_name": "0051hrl0167ra", "network_source": "Rijkswaterstaat (national highway)", "observed": true }, "geometry": { "type": "Point", "coordinates": [ 4.82784000116626, 52.391941004153395 ] } },
{ "type": "Feature", "properties": { "location_id": "RWS01_MONIBAS_0051hrl0173ra", "location_name": "0051hrl0173ra", "network_source": "Rijkswaterstaat (national highway)", "observed": true }, "geometry": { "type": "Point", "coordinates": [ 4.836040001174466, 52.392288004153613 ] } },
{ "type": "Feature", "properties": { "location_id": "RWS01_MONIBAS_0051hrl0178ra", "location_name": "0051hrl0178ra", "network_source": "Rijkswaterstaat (national highway)", "observed": true }, "geometry": { "type": "Point", "coordinates": [ 4.842280001180838, 52.395241004155331 ] } },
{ "type": "Feature", "properties": { "location_id": "RWS01_MONIBAS_0051hrl0184ra", "location_name": "0051hrl0184ra", "network_source": "Rijkswaterstaat (national highway)", "observed": true }, "geometry": { "type": "Point", "coordinates": [ 4.84764000118641, 52.399792004158009 ] } },
{ "type": "Feature", "properties": { "location_id": "RWS01_MONIBAS_0051hrl0187ra", "location_name": "0051hrl0187ra", "network_source": "Rijkswaterstaat (national highway)", "observed": true }, "geometry": { "type": "Point", "coordinates": [ 4.849840001188696, 52.401611004159072 ] } },
{ "type": "Feature", "properties": { "location_id": "RWS01_MONIBAS_0051hrl0187rb", "location_name": "0051hrl0187rb", "network_source": "Rijkswaterstaat (national highway)", "observed": true }, "geometry": { "type": "Point", "coordinates": [ 4.849840001188696, 52.401611004159072 ] } },
{ "type": "Feature", "properties": { "location_id": "RWS01_MONIBAS_0051hrl0189ra", "location_name": "0051hrl0189ra", "network_source": "Rijkswaterstaat (national highway)", "observed": true }, "geometry": { "type": "Point", "coordinates": [ 4.851410001190328, 52.402950004159862 ] } },
{ "type": "Feature", "properties": { "location_id": "RWS01_MONIBAS_0051hrr0134ra", "location_name": "0051hrr0134ra", "network_source": "Rijkswaterstaat (national highway)", "observed": true }, "geometry": { "type": "Point", "coordinates": [ 4.779540001118107, 52.393150004154172 ] } },
{ "type": "Feature", "properties": { "location_id": "RWS01_MONIBAS_0051hrr0137ra", "location_name": "0051hrr0137ra", "network_source": "Rijkswaterstaat (national highway)", "observed": true }, "geometry": { "type": "Point", "coordinates": [ 4.783690001122256, 52.393341004154301 ] } },
{ "type": "Feature", "properties": { "location_id": "RWS01_MONIBAS_0051hrr0140ra", "location_name": "0051hrr0140ra", "network_source": "Rijkswaterstaat (national highway)", "observed": true }, "geometry": { "type": "Point", "coordinates": [ 4.788600001127157, 52.393318004154281 ] } },
{ "type": "Feature", "properties": { "location_id": "RWS01_MONIBAS_0051hrr0143ra", "location_name": "0051hrr0143ra", "network_source": "Rijkswaterstaat (national highway)", "observed": true }, "geometry": { "type": "Point", "coordinates": [ 4.79333000113188, 52.39334100415428 ] } },
{ "type": "Feature", "properties": { "location_id": "RWS01_MONIBAS_0051hrr0147ra", "location_name": "0051hrr0147ra", "network_source": "Rijkswaterstaat (national highway)", "observed": true }, "geometry": { "type": "Point", "coordinates": [ 4.798800001137341, 52.393360004154282 ] } },
{ "type": "Feature", "properties": { "location_id": "RWS01_MONIBAS_0051hrr0152ra", "location_name": "0051hrr0152ra", "network_source": "Rijkswaterstaat (national highway)", "observed": true }, "geometry": { "type": "Point", "coordinates": [ 4.806020001144534, 52.393009004154095 ] } },
{ "type": "Feature", "properties": { "location_id": "RWS01_MONIBAS_0051hrr0157ra", "location_name": "0051hrr0157ra", "network_source": "Rijkswaterstaat (national highway)", "observed": true }, "geometry": { "type": "Point", "coordinates": [ 4.812590001151046, 52.392078004153525 ] } },
{ "type": "Feature", "properties": { "location_id": "RWS01_MONIBAS_0051hrr0162ra", "location_name": "0051hrr0162ra", "network_source": "Rijkswaterstaat (national highway)", "observed": true }, "geometry": { "type": "Point", "coordinates": [ 4.820110001158541, 52.391842004153375 ] } },
{ "type": "Feature", "properties": { "location_id": "RWS01_MONIBAS_0051hrr0167ra", "location_name": "0051hrr0167ra", "network_source": "Rijkswaterstaat (national highway)", "observed": true }, "geometry": { "type": "Point", "coordinates": [ 4.827770001166187, 52.391850004153369 ] } },
{ "type": "Feature", "properties": { "location_id": "RWS01_MONIBAS_0051hrr0173ra", "location_name": "0051hrr0173ra", "network_source": "Rijkswaterstaat (national highway)", "observed": true }, "geometry": { "type": "Point", "coordinates": [ 4.835840001174258, 52.392139004153549 ] } },
{ "type": "Feature", "properties": { "location_id": "RWS01_MONIBAS_0051hrr0178ra", "location_name": "0051hrr0178ra", "network_source": "Rijkswaterstaat (national highway)", "observed": true }, "geometry": { "type": "Point", "coordinates": [ 4.841950001180496, 52.394970004155169 ] } },
{ "type": "Feature", "properties": { "location_id": "RWS01_MONIBAS_0051hrr0185ra", "location_name": "0051hrr0185ra", "network_source": "Rijkswaterstaat (national highway)", "observed": true }, "geometry": { "type": "Point", "coordinates": [ 4.848030001186793, 52.399651004157946 ] } },
{ "type": "Feature", "properties": { "location_id": "RWS01_MONIBAS_0051hrr0187ra", "location_name": "0051hrr0187ra", "network_source": "Rijkswaterstaat (national highway)", "observed": true }, "geometry": { "type": "Point", "coordinates": [ 4.849930001188766, 52.401218004158849 ] } },
{ "type": "Feature", "properties": { "location_id": "RWS01_MONIBAS_0080vwf0010ra", "location_name": "0080vwf0010ra", "network_source": "Rijkswaterstaat (national highway)", "observed": true }, "geometry": { "type": "Point", "coordinates": [ 4.874340001214201, 52.423370004171794 ] } },
{ "type": "Feature", "properties": { "location_id": "RWS01_MONIBAS_0080vwf0016ra", "location_name": "0080vwf0016ra", "network_source": "Rijkswaterstaat (national highway)", "observed": true }, "geometry": { "type": "Point", "coordinates": [ 4.872190001212261, 52.427639004174274 ] } },
{ "type": "Feature", "properties": { "location_id": "RWS01_MONIBAS_0080vwq0010ra", "location_name": "0080vwq0010ra", "network_source": "Rijkswaterstaat (national highway)", "observed": true }, "geometry": { "type": "Point", "coordinates": [ 4.87445000121429, 52.422890004171528 ] } },
{ "type": "Feature", "properties": { "location_id": "RWS01_MONIBAS_0081hrl0006ra", "location_name": "0081hrl0006ra", "network_source": "Rijkswaterstaat (national highway)", "observed": true }, "geometry": { "type": "Point", "coordinates": [ 4.882390001222276, 52.424191004172272 ] } },
{ "type": "Feature", "properties": { "location_id": "RWS01_MONIBAS_0081hrl0013ra", "location_name": "0081hrl0013ra", "network_source": "Rijkswaterstaat (national highway)", "observed": true }, "geometry": { "type": "Point", "coordinates": [ 4.87429000121428, 52.426029004173323 ] } },
{ "type": "Feature", "properties": { "location_id": "RWS01_MONIBAS_0081hrr0008ra", "location_name": "0081hrr0008ra", "network_source": "Rijkswaterstaat (national highway)", "observed": true }, "geometry": { "type": "Point", "coordinates": [ 4.875010001214807, 52.422089004171013 ] } },
{ "type": "Feature", "properties": { "location_id": "RWS01_MONIBAS_0081hrr0013ra", "location_name": "0081hrr0013ra", "network_source": "Rijkswaterstaat (national highway)", "observed": true }, "geometry": { "type": "Point", "coordinates": [ 4.875810001215794, 52.425961004173303 ] } },
{ "type": "Feature", "properties": { "location_id": "RWS01_MONIBAS_0081hrr0019ra", "location_name": "0081hrr0019ra", "network_source": "Rijkswaterstaat (national highway)", "observed": true }, "geometry": { "type": "Point", "coordinates": [ 4.870430001210621, 52.430000004175675 ] } },
{ "type": "Feature", "properties": { "location_id": "RWS01_MONIBAS_0090vwa0085ra", "location_name": "0090vwa0085ra", "network_source": "Rijkswaterstaat (national highway)", "observed": true }, "geometry": { "type": "Point", "coordinates": [ 4.975330001309719, 52.309959004104456 ] } },
{ "type": "Feature", "properties": { "location_id": "RWS01_MONIBAS_0090vwa0087ra", "location_name": "0090vwa0087ra", "network_source": "Rijkswaterstaat (national highway)", "observed": true }, "geometry": { "type": "Point", "coordinates": [ 4.973560001307921, 52.309349004104057 ] } },
{ "type": "Feature", "properties": { "location_id": "RWS01_MONIBAS_0090vwa0103ra", "location_name": "0090vwa0103ra", "network_source": "Rijkswaterstaat (national highway)", "observed": true }, "geometry": { "type": "Point", "coordinates": [ 4.953110001287136, 52.302071004099844 ] } },
{ "type": "Feature", "properties": { "location_id": "RWS01_MONIBAS_0090vwa0106ra", "location_name": "0090vwa0106ra", "network_source": "Rijkswaterstaat (national highway)", "observed": true }, "geometry": { "type": "Point", "coordinates": [ 4.949250001283233, 52.301121004099286 ] } },
{ "type": "Feature", "properties": { "location_id": "RWS01_MONIBAS_0090vwb0092ra", "location_name": "0090vwb0092ra", "network_source": "Rijkswaterstaat (national highway)", "observed": true }, "geometry": { "type": "Point", "coordinates": [ 4.966970001301228, 52.307091004102773 ] } },
{ "type": "Feature", "properties": { "location_id": "RWS01_MONIBAS_0090vwb0093ra", "location_name": "0090vwb0093ra", "network_source": "Rijkswaterstaat (national highway)", "observed": true }, "geometry": { "type": "Point", "coordinates": [ 4.965430001299664, 52.306561004102456 ] } },
{ "type": "Feature", "properties": { "location_id": "RWS01_MONIBAS_0090vwb0107ra", "location_name": "0090vwb0107ra", "network_source": "Rijkswaterstaat (national highway)", "observed": true }, "geometry": { "type": "Point", "coordinates": [ 4.947750001281691, 52.300228004098784 ] } },
{ "type": "Feature", "properties": { "location_id": "RWS01_MONIBAS_0090vwb0109ra", "location_name": "0090vwb0109ra", "network_source": "Rijkswaterstaat (national highway)", "observed": true }, "geometry": { "type": "Point", "coordinates": [ 4.945440001279342, 52.299438004098278 ] } },
{ "type": "Feature", "properties": { "location_id": "RWS01_MONIBAS_0090vwc0091ra", "location_name": "0090vwc0091ra", "network_source": "Rijkswaterstaat (national highway)", "observed": true }, "geometry": { "type": "Point", "coordinates": [ 4.968390001302649, 52.307110004102796 ] } },
{ "type": "Feature", "properties": { "location_id": "RWS01_MONIBAS_0090vwc0092ra", "location_name": "0090vwc0092ra", "network_source": "Rijkswaterstaat (national highway)", "observed": true }, "geometry": { "type": "Point", "coordinates": [ 4.967510001301757, 52.306808004102585 ] } },
{ "type": "Feature", "properties": { "location_id": "RWS01_MONIBAS_0090vwc0093ra", "location_name": "0090vwc0093ra", "network_source": "Rijkswaterstaat (national highway)", "observed": true }, "geometry": { "type": "Point", "coordinates": [ 4.966040001300261, 52.306309004102303 ] } },
{ "type": "Feature", "properties": { "location_id": "RWS01_MONIBAS_0090vwd0084ra", "location_name": "0090vwd0084ra", "network_source": "Rijkswaterstaat (national highway)", "observed": true }, "geometry": { "type": "Point", "coordinates": [ 4.976710001311099, 52.309971004104433 ] } },
{ "type": "Feature", "properties": { "location_id": "RWS01_MONIBAS_0090vwd0086ra", "location_name": "0090vwd0086ra", "network_source": "Rijkswaterstaat (national highway)", "observed": true }, "geometry": { "type": "Point", "coordinates": [ 4.97478000130914, 52.309299004104091 ] } },
{ "type": "Feature", "properties": { "location_id": "RWS01_MONIBAS_0090vwd0105ra", "location_name": "0090vwd0105ra", "network_source": "Rijkswaterstaat (national highway)", "observed": true }, "geometry": { "type": "Point", "coordinates": [ 4.951480001285453, 52.300892004099126 ] } },
{ "type": "Feature", "properties": { "location_id": "RWS01_MONIBAS_0090vwd0107ra", "location_name": "0090vwd0107ra", "network_source": "Rijkswaterstaat (national highway)", "observed": true }, "geometry": { "type": "Point", "coordinates": [ 4.949690001283576, 52.299099004098082 ] } },
{ "type": "Feature", "properties": { "location_id": "RWS01_MONIBAS_0090vwq0062ra", "location_name": "0090vwq0062ra", "network_source": "Rijkswaterstaat (national highway)", "observed": false }, "geometry": { "type": "Point", "coordinates": [ 4.988600001323177, 52.314030004106783 ] } },
{ "type": "Feature", "properties": { "location_id": "RWS01_MONIBAS_0090vwr0115ra", "location_name": "0090vwr0115ra", "network_source": "Rijkswaterstaat (national highway)", "observed": true }, "geometry": { "type": "Point", "coordinates": [ 4.937880001271804, 52.299889004098603 ] } }
]
}
